2025-10-18T21:17:07.196-03:00  INFO 17152 --- [cards] [main] b.c.m.cards.CardsApplication             : Starting CardsApplication using Java 21.0.7 with PID 17152 (C:\Users\Ronald\Documents\Projetos\credito-microservice-course\cards-microservice\target\classes started by Ronald in C:\Users\Ronald\Documents\Projetos\credito-microservice-course\cards-microservice)
2025-10-18T21:17:07.202-03:00  INFO 17152 --- [cards] [main] b.c.m.cards.CardsApplication             : No active profile set, falling back to 1 default profile: "default"
2025-10-18T21:17:08.587-03:00  INFO 17152 --- [cards] [main] .s.d.r.c.RepositoryConfigurationDelegate : Bootstrapping Spring Data JPA repositories in DEFAULT mode.
2025-10-18T21:17:08.754-03:00  INFO 17152 --- [cards] [main] .s.d.r.c.RepositoryConfigurationDelegate : Finished Spring Data repository scanning in 153 ms. Found 2 JPA repository interfaces.
2025-10-18T21:17:09.035-03:00  INFO 17152 --- [cards] [main] o.s.cloud.context.scope.GenericScope     : BeanFactory id=c5496b89-da72-3a18-9cf1-5386790befae
2025-10-18T21:17:09.610-03:00  INFO 17152 --- [cards] [main] o.s.b.w.embedded.tomcat.TomcatWebServer  : Tomcat initialized with port 0 (http)
2025-10-18T21:17:09.630-03:00  INFO 17152 --- [cards] [main] o.apache.catalina.core.StandardService   : Starting service [Tomcat]
2025-10-18T21:17:09.630-03:00  INFO 17152 --- [cards] [main] o.apache.catalina.core.StandardEngine    : Starting Servlet engine: [Apache Tomcat/10.1.46]
2025-10-18T21:17:09.730-03:00  INFO 17152 --- [cards] [main] o.a.c.c.C.[Tomcat].[localhost].[/]       : Initializing Spring embedded WebApplicationContext
2025-10-18T21:17:09.731-03:00  INFO 17152 --- [cards] [main] w.s.c.ServletWebServerApplicationContext : Root WebApplicationContext: initialization completed in 2473 ms
2025-10-18T21:17:10.037-03:00  INFO 17152 --- [cards] [main] com.zaxxer.hikari.HikariDataSource       : HikariPool-1 - Starting...
2025-10-18T21:17:10.270-03:00  INFO 17152 --- [cards] [main] com.zaxxer.hikari.pool.HikariPool        : HikariPool-1 - Added connection conn0: url=jdbc:h2:mem:243dcb25-6c91-407d-9075-62837f128733 user=SA
2025-10-18T21:17:10.272-03:00  INFO 17152 --- [cards] [main] com.zaxxer.hikari.HikariDataSource       : HikariPool-1 - Start completed.
2025-10-18T21:17:10.325-03:00  INFO 17152 --- [cards] [main] o.hibernate.jpa.internal.util.LogHelper  : HHH000204: Processing PersistenceUnitInfo [name: default]
2025-10-18T21:17:10.408-03:00  INFO 17152 --- [cards] [main] org.hibernate.Version                    : HHH000412: Hibernate ORM core version 6.6.29.Final
2025-10-18T21:17:10.461-03:00  INFO 17152 --- [cards] [main] o.h.c.internal.RegionFactoryInitiator    : HHH000026: Second-level cache disabled
2025-10-18T21:17:10.776-03:00  INFO 17152 --- [cards] [main] o.s.o.j.p.SpringPersistenceUnitInfo      : No LoadTimeWeaver setup: ignoring JPA class transformer
2025-10-18T21:17:10.855-03:00  INFO 17152 --- [cards] [main] org.hibernate.orm.connections.pooling    : HHH10001005: Database info:
	Database JDBC URL [Connecting through datasource 'HikariDataSource (HikariPool-1)']
	Database driver: undefined/unknown
	Database version: 2.3.232
	Autocommit mode: undefined/unknown
	Isolation level: undefined/unknown
	Minimum pool size: undefined/unknown
	Maximum pool size: undefined/unknown
2025-10-18T21:17:11.677-03:00  INFO 17152 --- [cards] [main] o.h.e.t.j.p.i.JtaPlatformInitiator       : HHH000489: No JTA platform available (set 'hibernate.transaction.jta.platform' to enable JTA platform integration)
2025-10-18T21:17:11.728-03:00  INFO 17152 --- [cards] [main] j.LocalContainerEntityManagerFactoryBean : Initialized JPA EntityManagerFactory for persistence unit 'default'
2025-10-18T21:17:12.227-03:00  WARN 17152 --- [cards] [main] JpaBaseConfiguration$JpaWebConfiguration : spring.jpa.open-in-view is enabled by default. Therefore, database queries may be performed during view rendering. Explicitly configure spring.jpa.open-in-view to disable this warning
2025-10-18T21:17:13.282-03:00  INFO 17152 --- [cards] [main] DiscoveryClientOptionalArgsConfiguration : Eureka HTTP Client uses RestTemplate.
2025-10-18T21:17:13.326-03:00  WARN 17152 --- [cards] [main] iguration$LoadBalancerCaffeineWarnLogger : Spring Cloud LoadBalancer is currently working with the default cache. While this cache implementation is useful for development and tests, it's recommended to use Caffeine cache in production.You can switch to using Caffeine cache, by adding it and org.springframework.cache.caffeine.CaffeineCacheManager to the classpath.
2025-10-18T21:17:13.333-03:00  INFO 17152 --- [cards] [main] o.s.b.a.e.web.EndpointLinksResolver      : Exposing 17 endpoints beneath base path '/actuator'
2025-10-18T21:17:13.450-03:00  INFO 17152 --- [cards] [main] o.s.b.w.embedded.tomcat.TomcatWebServer  : Tomcat started on port 56268 (http) with context path '/'
2025-10-18T21:17:13.451-03:00  INFO 17152 --- [cards] [main] .s.c.n.e.s.EurekaAutoServiceRegistration : Updating port to 56268
2025-10-18T21:17:13.456-03:00  INFO 17152 --- [cards] [main] o.s.c.n.eureka.InstanceInfoFactory       : Setting initial instance status as: STARTING
2025-10-18T21:17:13.483-03:00  INFO 17152 --- [cards] [main] com.netflix.discovery.DiscoveryClient    : Initializing Eureka in region us-east-1
2025-10-18T21:17:13.487-03:00  INFO 17152 --- [cards] [main] c.n.d.s.r.aws.ConfigClusterResolver      : Resolving eureka endpoints via configuration
2025-10-18T21:17:13.495-03:00  INFO 17152 --- [cards] [main] com.netflix.discovery.DiscoveryClient    : Disable delta property : false
2025-10-18T21:17:13.495-03:00  INFO 17152 --- [cards] [main] com.netflix.discovery.DiscoveryClient    : Single vip registry refresh property : null
2025-10-18T21:17:13.495-03:00  INFO 17152 --- [cards] [main] com.netflix.discovery.DiscoveryClient    : Force full registry fetch : false
2025-10-18T21:17:13.495-03:00  INFO 17152 --- [cards] [main] com.netflix.discovery.DiscoveryClient    : Application is null : false
2025-10-18T21:17:13.495-03:00  INFO 17152 --- [cards] [main] com.netflix.discovery.DiscoveryClient    : Registered Applications size is zero : true
2025-10-18T21:17:13.495-03:00  INFO 17152 --- [cards] [main] com.netflix.discovery.DiscoveryClient    : Application version is -1: true
2025-10-18T21:17:13.495-03:00  INFO 17152 --- [cards] [main] com.netflix.discovery.DiscoveryClient    : Getting all instance registry info from the eureka server
2025-10-18T21:17:13.769-03:00  INFO 17152 --- [cards] [main] c.n.d.s.t.d.RedirectingEurekaHttpClient  : Request execution error. endpoint=DefaultEndpoint{ serviceUrl='http://eureka-user-course:eru-reuesrkeauo-sc@localhost:8761/eureka/}, exception=I/O error on GET request for "http://localhost:8761/eureka/apps/": Connect to http://localhost:8761 failed: Connection refused: getsockopt stacktrace=org.springframework.web.client.ResourceAccessException: I/O error on GET request for "http://localhost:8761/eureka/apps/": Connect to http://localhost:8761 failed: Connection refused: getsockopt
	at org.springframework.web.client.RestTemplate.createResourceAccessException(RestTemplate.java:926)
	at org.springframework.web.client.RestTemplate.doExecute(RestTemplate.java:906)
	at org.springframework.web.client.RestTemplate.execute(RestTemplate.java:841)
	at org.springframework.web.client.RestTemplate.exchange(RestTemplate.java:702)
	at org.springframework.cloud.netflix.eureka.http.RestTemplateEurekaHttpClient.getApplicationsInternal(RestTemplateEurekaHttpClient.java:174)
	at org.springframework.cloud.netflix.eureka.http.RestTemplateEurekaHttpClient.getApplications(RestTemplateEurekaHttpClient.java:162)
	at com.netflix.discovery.shared.transport.decorator.EurekaHttpClientDecorator$6.execute(EurekaHttpClientDecorator.java:137)
	at com.netflix.discovery.shared.transport.decorator.RedirectingEurekaHttpClient.executeOnNewServer(RedirectingEurekaHttpClient.java:121)
	at com.netflix.discovery.shared.transport.decorator.RedirectingEurekaHttpClient.execute(RedirectingEurekaHttpClient.java:80)
	at com.netflix.discovery.shared.transport.decorator.EurekaHttpClientDecorator.getApplications(EurekaHttpClientDecorator.java:134)
	at com.netflix.discovery.shared.transport.decorator.EurekaHttpClientDecorator$6.execute(EurekaHttpClientDecorator.java:137)
	at com.netflix.discovery.shared.transport.decorator.RetryableEurekaHttpClient.execute(RetryableEurekaHttpClient.java:120)
	at com.netflix.discovery.shared.transport.decorator.EurekaHttpClientDecorator.getApplications(EurekaHttpClientDecorator.java:134)
	at com.netflix.discovery.shared.transport.decorator.EurekaHttpClientDecorator$6.execute(EurekaHttpClientDecorator.java:137)
	at com.netflix.discovery.shared.transport.decorator.SessionedEurekaHttpClient.execute(SessionedEurekaHttpClient.java:76)
	at com.netflix.discovery.shared.transport.decorator.EurekaHttpClientDecorator.getApplications(EurekaHttpClientDecorator.java:134)
	at com.netflix.discovery.DiscoveryClient.getAndStoreFullRegistry(DiscoveryClient.java:1046)
	at com.netflix.discovery.DiscoveryClient.fetchRegistry(DiscoveryClient.java:961)
	at com.netflix.discovery.DiscoveryClient.<init>(DiscoveryClient.java:410)
	at com.netflix.discovery.DiscoveryClient.<init>(DiscoveryClient.java:245)
	at com.netflix.discovery.DiscoveryClient.<init>(DiscoveryClient.java:240)
	at org.springframework.cloud.netflix.eureka.CloudEurekaClient.<init>(CloudEurekaClient.java:68)
	at org.springframework.cloud.netflix.eureka.EurekaClientAutoConfiguration$RefreshableEurekaClientConfiguration.eurekaClient(EurekaClientAutoConfiguration.java:324)
	at java.base/jdk.internal.reflect.DirectMethodHandleAccessor.invoke(DirectMethodHandleAccessor.java:103)
	at java.base/java.lang.reflect.Method.invoke(Method.java:580)
	at org.springframework.beans.factory.support.SimpleInstantiationStrategy.lambda$instantiate$0(SimpleInstantiationStrategy.java:172)
	at org.springframework.beans.factory.support.SimpleInstantiationStrategy.instantiateWithFactoryMethod(SimpleInstantiationStrategy.java:89)
	at org.springframework.beans.factory.support.SimpleInstantiationStrategy.instantiate(SimpleInstantiationStrategy.java:169)
	at org.springframework.beans.factory.support.ConstructorResolver.instantiate(ConstructorResolver.java:653)
	at org.springframework.beans.factory.support.ConstructorResolver.instantiateUsingFactoryMethod(ConstructorResolver.java:645)
	at org.springframework.beans.factory.support.AbstractAutowireCapableBeanFactory.instantiateUsingFactoryMethod(AbstractAutowireCapableBeanFactory.java:1375)
	at org.springframework.beans.factory.support.AbstractAutowireCapableBeanFactory.createBeanInstance(AbstractAutowireCapableBeanFactory.java:1205)
	at org.springframework.beans.factory.support.AbstractAutowireCapableBeanFactory.doCreateBean(AbstractAutowireCapableBeanFactory.java:569)
	at org.springframework.beans.factory.support.AbstractAutowireCapableBeanFactory.createBean(AbstractAutowireCapableBeanFactory.java:529)
	at org.springframework.beans.factory.support.AbstractBeanFactory.lambda$doGetBean$1(AbstractBeanFactory.java:378)
	at org.springframework.cloud.context.scope.GenericScope$BeanLifecycleWrapper.getBean(GenericScope.java:373)
	at org.springframework.cloud.context.scope.GenericScope.get(GenericScope.java:177)
	at org.springframework.beans.factory.support.AbstractBeanFactory.doGetBean(AbstractBeanFactory.java:375)
	at org.springframework.beans.factory.support.AbstractBeanFactory.getBean(AbstractBeanFactory.java:202)
	at org.springframework.aop.target.SimpleBeanTargetSource.getTarget(SimpleBeanTargetSource.java:35)
	at org.springframework.cloud.netflix.eureka.serviceregistry.EurekaRegistration.getTargetObject(EurekaRegistration.java:128)
	at org.springframework.cloud.netflix.eureka.serviceregistry.EurekaRegistration.getEurekaClient(EurekaRegistration.java:116)
	at java.base/jdk.internal.reflect.DirectMethodHandleAccessor.invoke(DirectMethodHandleAccessor.java:103)
	at java.base/java.lang.reflect.Method.invoke(Method.java:580)
	at org.springframework.util.ReflectionUtils.invokeMethod(ReflectionUtils.java:281)
	at org.springframework.cloud.context.scope.GenericScope$LockedScopedProxyFactoryBean.invoke(GenericScope.java:480)
	at org.springframework.aop.framework.ReflectiveMethodInvocation.proceed(ReflectiveMethodInvocation.java:184)
	at org.springframework.aop.framework.CglibAopProxy$DynamicAdvisedInterceptor.intercept(CglibAopProxy.java:728)
	at org.springframework.cloud.netflix.eureka.serviceregistry.EurekaRegistration$$SpringCGLIB$$0.getEurekaClient(<generated>)
	at org.springframework.cloud.netflix.eureka.serviceregistry.EurekaServiceRegistry.maybeInitializeClient(EurekaServiceRegistry.java:83)
	at org.springframework.cloud.netflix.eureka.serviceregistry.EurekaServiceRegistry.register(EurekaServiceRegistry.java:66)
	at org.springframework.cloud.netflix.eureka.serviceregistry.EurekaAutoServiceRegistration.start(EurekaAutoServiceRegistration.java:89)
	at org.springframework.cloud.netflix.eureka.serviceregistry.EurekaAutoServiceRegistration.onApplicationEvent(EurekaAutoServiceRegistration.java:152)
	at org.springframework.cloud.netflix.eureka.serviceregistry.EurekaAutoServiceRegistration.onApplicationEvent(EurekaAutoServiceRegistration.java:137)
	at org.springframework.context.event.SimpleApplicationEventMulticaster.doInvokeListener(SimpleApplicationEventMulticaster.java:185)
	at org.springframework.context.event.SimpleApplicationEventMulticaster.invokeListener(SimpleApplicationEventMulticaster.java:178)
	at org.springframework.context.event.SimpleApplicationEventMulticaster.multicastEvent(SimpleApplicationEventMulticaster.java:156)
	at org.springframework.context.support.AbstractApplicationContext.publishEvent(AbstractApplicationContext.java:454)
	at org.springframework.context.support.AbstractApplicationContext.publishEvent(AbstractApplicationContext.java:387)
	at org.springframework.boot.web.servlet.context.WebServerStartStopLifecycle.start(WebServerStartStopLifecycle.java:47)
	at org.springframework.context.support.DefaultLifecycleProcessor.doStart(DefaultLifecycleProcessor.java:405)
	at org.springframework.context.support.DefaultLifecycleProcessor.doStart(DefaultLifecycleProcessor.java:394)
	at org.springframework.context.support.DefaultLifecycleProcessor$LifecycleGroup.start(DefaultLifecycleProcessor.java:586)
	at java.base/java.lang.Iterable.forEach(Iterable.java:75)
	at org.springframework.context.support.DefaultLifecycleProcessor.startBeans(DefaultLifecycleProcessor.java:364)
	at org.springframework.context.support.DefaultLifecycleProcessor.onRefresh(DefaultLifecycleProcessor.java:310)
	at org.springframework.context.support.AbstractApplicationContext.finishRefresh(AbstractApplicationContext.java:1006)
	at org.springframework.context.support.AbstractApplicationContext.refresh(AbstractApplicationContext.java:630)
	at org.springframework.boot.web.servlet.context.ServletWebServerApplicationContext.refresh(ServletWebServerApplicationContext.java:146)
	at org.springframework.boot.SpringApplication.refresh(SpringApplication.java:752)
	at org.springframework.boot.SpringApplication.refreshContext(SpringApplication.java:439)
	at org.springframework.boot.SpringApplication.run(SpringApplication.java:318)
	at org.springframework.boot.SpringApplication.run(SpringApplication.java:1361)
	at org.springframework.boot.SpringApplication.run(SpringApplication.java:1350)
	at br.com.microservices.cards.CardsApplication.main(CardsApplication.java:19)
Caused by: org.apache.hc.client5.http.HttpHostConnectException: Connect to http://localhost:8761 failed: Connection refused: getsockopt
	at java.base/sun.nio.ch.Net.pollConnect(Native Method)
	at java.base/sun.nio.ch.Net.pollConnectNow(Net.java:682)
	at java.base/sun.nio.ch.NioSocketImpl.timedFinishConnect(NioSocketImpl.java:542)
	at java.base/sun.nio.ch.NioSocketImpl.connect(NioSocketImpl.java:592)
	at java.base/java.net.SocksSocketImpl.connect(SocksSocketImpl.java:327)
	at java.base/java.net.Socket.connect(Socket.java:751)
	at org.apache.hc.client5.http.impl.io.DefaultHttpClientConnectionOperator.connect(DefaultHttpClientConnectionOperator.java:205)
	at org.apache.hc.client5.http.impl.io.PoolingHttpClientConnectionManager.connect(PoolingHttpClientConnectionManager.java:490)
	at org.apache.hc.client5.http.impl.classic.InternalExecRuntime.connectEndpoint(InternalExecRuntime.java:164)
	at org.apache.hc.client5.http.impl.classic.InternalExecRuntime.connectEndpoint(InternalExecRuntime.java:174)
	at org.apache.hc.client5.http.impl.classic.ConnectExec.execute(ConnectExec.java:144)
	at org.apache.hc.client5.http.impl.classic.ExecChainElement.execute(ExecChainElement.java:51)
	at org.apache.hc.client5.http.impl.classic.ProtocolExec.execute(ProtocolExec.java:195)
	at org.apache.hc.client5.http.impl.classic.ExecChainElement.execute(ExecChainElement.java:51)
	at org.apache.hc.client5.http.impl.classic.ContentCompressionExec.execute(ContentCompressionExec.java:150)
	at org.apache.hc.client5.http.impl.classic.ExecChainElement.execute(ExecChainElement.java:51)
	at org.apache.hc.client5.http.impl.classic.HttpRequestRetryExec.execute(HttpRequestRetryExec.java:113)
	at org.apache.hc.client5.http.impl.classic.ExecChainElement.execute(ExecChainElement.java:51)
	at org.apache.hc.client5.http.impl.classic.RedirectExec.execute(RedirectExec.java:110)
	at org.apache.hc.client5.http.impl.classic.ExecChainElement.execute(ExecChainElement.java:51)
	at org.apache.hc.client5.http.impl.classic.InternalHttpClient.doExecute(InternalHttpClient.java:185)
	at org.apache.hc.client5.http.impl.classic.CloseableHttpClient.execute(CloseableHttpClient.java:87)
	at org.apache.hc.client5.http.impl.classic.CloseableHttpClient.execute(CloseableHttpClient.java:55)
	at org.apache.hc.client5.http.classic.HttpClient.executeOpen(HttpClient.java:183)
	at org.springframework.http.client.HttpComponentsClientHttpRequest.executeInternal(HttpComponentsClientHttpRequest.java:99)
	at org.springframework.http.client.AbstractStreamingClientHttpRequest.executeInternal(AbstractStreamingClientHttpRequest.java:71)
	at org.springframework.http.client.AbstractClientHttpRequest.execute(AbstractClientHttpRequest.java:81)
	at org.springframework.http.client.InterceptingClientHttpRequest$InterceptingRequestExecution.execute(InterceptingClientHttpRequest.java:117)
	at org.springframework.cloud.netflix.eureka.http.RestTemplateTransportClientFactory.lambda$restTemplate$2(RestTemplateTransportClientFactory.java:145)
	at org.springframework.http.client.InterceptingClientHttpRequest$InterceptingRequestExecution.execute(InterceptingClientHttpRequest.java:88)
	at org.springframework.http.client.support.BasicAuthenticationInterceptor.intercept(BasicAuthenticationInterceptor.java:79)
	at org.springframework.http.client.InterceptingClientHttpRequest$InterceptingRequestExecution.execute(InterceptingClientHttpRequest.java:88)
	at org.springframework.http.client.InterceptingClientHttpRequest.executeInternal(InterceptingClientHttpRequest.java:72)
	at org.springframework.http.client.AbstractBufferingClientHttpRequest.executeInternal(AbstractBufferingClientHttpRequest.java:48)
	at org.springframework.http.client.AbstractClientHttpRequest.execute(AbstractClientHttpRequest.java:81)
	at org.springframework.web.client.RestTemplate.doExecute(RestTemplate.java:900)
	... 73 more

2025-10-18T21:17:13.770-03:00  WARN 17152 --- [cards] [main] c.n.d.s.t.d.RetryableEurekaHttpClient    : Request execution failed with message: I/O error on GET request for "http://localhost:8761/eureka/apps/": Connect to http://localhost:8761 failed: Connection refused: getsockopt
2025-10-18T21:17:13.771-03:00  INFO 17152 --- [cards] [main] com.netflix.discovery.DiscoveryClient    : DiscoveryClient_CARDS/cards:fb9e9df8c0434f8315d2eff8e81c69ab - was unable to refresh its cache! This periodic background refresh will be retried in 30 seconds. status = Cannot execute request on any known server stacktrace = com.netflix.discovery.shared.transport.TransportException: Cannot execute request on any known server
	at com.netflix.discovery.shared.transport.decorator.RetryableEurekaHttpClient.execute(RetryableEurekaHttpClient.java:112)
	at com.netflix.discovery.shared.transport.decorator.EurekaHttpClientDecorator.getApplications(EurekaHttpClientDecorator.java:134)
	at com.netflix.discovery.shared.transport.decorator.EurekaHttpClientDecorator$6.execute(EurekaHttpClientDecorator.java:137)
	at com.netflix.discovery.shared.transport.decorator.SessionedEurekaHttpClient.execute(SessionedEurekaHttpClient.java:76)
	at com.netflix.discovery.shared.transport.decorator.EurekaHttpClientDecorator.getApplications(EurekaHttpClientDecorator.java:134)
	at com.netflix.discovery.DiscoveryClient.getAndStoreFullRegistry(DiscoveryClient.java:1046)
	at com.netflix.discovery.DiscoveryClient.fetchRegistry(DiscoveryClient.java:961)
	at com.netflix.discovery.DiscoveryClient.<init>(DiscoveryClient.java:410)
	at com.netflix.discovery.DiscoveryClient.<init>(DiscoveryClient.java:245)
	at com.netflix.discovery.DiscoveryClient.<init>(DiscoveryClient.java:240)
	at org.springframework.cloud.netflix.eureka.CloudEurekaClient.<init>(CloudEurekaClient.java:68)
	at org.springframework.cloud.netflix.eureka.EurekaClientAutoConfiguration$RefreshableEurekaClientConfiguration.eurekaClient(EurekaClientAutoConfiguration.java:324)
	at java.base/jdk.internal.reflect.DirectMethodHandleAccessor.invoke(DirectMethodHandleAccessor.java:103)
	at java.base/java.lang.reflect.Method.invoke(Method.java:580)
	at org.springframework.beans.factory.support.SimpleInstantiationStrategy.lambda$instantiate$0(SimpleInstantiationStrategy.java:172)
	at org.springframework.beans.factory.support.SimpleInstantiationStrategy.instantiateWithFactoryMethod(SimpleInstantiationStrategy.java:89)
	at org.springframework.beans.factory.support.SimpleInstantiationStrategy.instantiate(SimpleInstantiationStrategy.java:169)
	at org.springframework.beans.factory.support.ConstructorResolver.instantiate(ConstructorResolver.java:653)
	at org.springframework.beans.factory.support.ConstructorResolver.instantiateUsingFactoryMethod(ConstructorResolver.java:645)
	at org.springframework.beans.factory.support.AbstractAutowireCapableBeanFactory.instantiateUsingFactoryMethod(AbstractAutowireCapableBeanFactory.java:1375)
	at org.springframework.beans.factory.support.AbstractAutowireCapableBeanFactory.createBeanInstance(AbstractAutowireCapableBeanFactory.java:1205)
	at org.springframework.beans.factory.support.AbstractAutowireCapableBeanFactory.doCreateBean(AbstractAutowireCapableBeanFactory.java:569)
	at org.springframework.beans.factory.support.AbstractAutowireCapableBeanFactory.createBean(AbstractAutowireCapableBeanFactory.java:529)
	at org.springframework.beans.factory.support.AbstractBeanFactory.lambda$doGetBean$1(AbstractBeanFactory.java:378)
	at org.springframework.cloud.context.scope.GenericScope$BeanLifecycleWrapper.getBean(GenericScope.java:373)
	at org.springframework.cloud.context.scope.GenericScope.get(GenericScope.java:177)
	at org.springframework.beans.factory.support.AbstractBeanFactory.doGetBean(AbstractBeanFactory.java:375)
	at org.springframework.beans.factory.support.AbstractBeanFactory.getBean(AbstractBeanFactory.java:202)
	at org.springframework.aop.target.SimpleBeanTargetSource.getTarget(SimpleBeanTargetSource.java:35)
	at org.springframework.cloud.netflix.eureka.serviceregistry.EurekaRegistration.getTargetObject(EurekaRegistration.java:128)
	at org.springframework.cloud.netflix.eureka.serviceregistry.EurekaRegistration.getEurekaClient(EurekaRegistration.java:116)
	at java.base/jdk.internal.reflect.DirectMethodHandleAccessor.invoke(DirectMethodHandleAccessor.java:103)
	at java.base/java.lang.reflect.Method.invoke(Method.java:580)
	at org.springframework.util.ReflectionUtils.invokeMethod(ReflectionUtils.java:281)
	at org.springframework.cloud.context.scope.GenericScope$LockedScopedProxyFactoryBean.invoke(GenericScope.java:480)
	at org.springframework.aop.framework.ReflectiveMethodInvocation.proceed(ReflectiveMethodInvocation.java:184)
	at org.springframework.aop.framework.CglibAopProxy$DynamicAdvisedInterceptor.intercept(CglibAopProxy.java:728)
	at org.springframework.cloud.netflix.eureka.serviceregistry.EurekaRegistration$$SpringCGLIB$$0.getEurekaClient(<generated>)
	at org.springframework.cloud.netflix.eureka.serviceregistry.EurekaServiceRegistry.maybeInitializeClient(EurekaServiceRegistry.java:83)
	at org.springframework.cloud.netflix.eureka.serviceregistry.EurekaServiceRegistry.register(EurekaServiceRegistry.java:66)
	at org.springframework.cloud.netflix.eureka.serviceregistry.EurekaAutoServiceRegistration.start(EurekaAutoServiceRegistration.java:89)
	at org.springframework.cloud.netflix.eureka.serviceregistry.EurekaAutoServiceRegistration.onApplicationEvent(EurekaAutoServiceRegistration.java:152)
	at org.springframework.cloud.netflix.eureka.serviceregistry.EurekaAutoServiceRegistration.onApplicationEvent(EurekaAutoServiceRegistration.java:137)
	at org.springframework.context.event.SimpleApplicationEventMulticaster.doInvokeListener(SimpleApplicationEventMulticaster.java:185)
	at org.springframework.context.event.SimpleApplicationEventMulticaster.invokeListener(SimpleApplicationEventMulticaster.java:178)
	at org.springframework.context.event.SimpleApplicationEventMulticaster.multicastEvent(SimpleApplicationEventMulticaster.java:156)
	at org.springframework.context.support.AbstractApplicationContext.publishEvent(AbstractApplicationContext.java:454)
	at org.springframework.context.support.AbstractApplicationContext.publishEvent(AbstractApplicationContext.java:387)
	at org.springframework.boot.web.servlet.context.WebServerStartStopLifecycle.start(WebServerStartStopLifecycle.java:47)
	at org.springframework.context.support.DefaultLifecycleProcessor.doStart(DefaultLifecycleProcessor.java:405)
	at org.springframework.context.support.DefaultLifecycleProcessor.doStart(DefaultLifecycleProcessor.java:394)
	at org.springframework.context.support.DefaultLifecycleProcessor$LifecycleGroup.start(DefaultLifecycleProcessor.java:586)
	at java.base/java.lang.Iterable.forEach(Iterable.java:75)
	at org.springframework.context.support.DefaultLifecycleProcessor.startBeans(DefaultLifecycleProcessor.java:364)
	at org.springframework.context.support.DefaultLifecycleProcessor.onRefresh(DefaultLifecycleProcessor.java:310)
	at org.springframework.context.support.AbstractApplicationContext.finishRefresh(AbstractApplicationContext.java:1006)
	at org.springframework.context.support.AbstractApplicationContext.refresh(AbstractApplicationContext.java:630)
	at org.springframework.boot.web.servlet.context.ServletWebServerApplicationContext.refresh(ServletWebServerApplicationContext.java:146)
	at org.springframework.boot.SpringApplication.refresh(SpringApplication.java:752)
	at org.springframework.boot.SpringApplication.refreshContext(SpringApplication.java:439)
	at org.springframework.boot.SpringApplication.run(SpringApplication.java:318)
	at org.springframework.boot.SpringApplication.run(SpringApplication.java:1361)
	at org.springframework.boot.SpringApplication.run(SpringApplication.java:1350)
	at br.com.microservices.cards.CardsApplication.main(CardsApplication.java:19)

2025-10-18T21:17:13.771-03:00  INFO 17152 --- [cards] [main] com.netflix.discovery.DiscoveryClient    : Initial registry fetch from primary servers failed
2025-10-18T21:17:13.771-03:00  WARN 17152 --- [cards] [main] com.netflix.discovery.DiscoveryClient    : Using default backup registry implementation which does not do anything.
2025-10-18T21:17:13.771-03:00  INFO 17152 --- [cards] [main] com.netflix.discovery.DiscoveryClient    : Initial registry fetch from backup servers failed
2025-10-18T21:17:13.772-03:00  INFO 17152 --- [cards] [main] com.netflix.discovery.DiscoveryClient    : Starting heartbeat executor: renew interval is: 30
2025-10-18T21:17:13.773-03:00  INFO 17152 --- [cards] [main] c.n.discovery.InstanceInfoReplicator     : InstanceInfoReplicator onDemand update allowed rate per min is 4
2025-10-18T21:17:13.775-03:00  INFO 17152 --- [cards] [main] com.netflix.discovery.DiscoveryClient    : Discovery Client initialized at timestamp 1760833033774 with initial instances count: 0
2025-10-18T21:17:13.779-03:00  INFO 17152 --- [cards] [main] o.s.c.n.e.s.EurekaServiceRegistry        : Registering application CARDS with eureka with status UP
2025-10-18T21:17:13.779-03:00  INFO 17152 --- [cards] [main] com.netflix.discovery.DiscoveryClient    : Saw local status change event StatusChangeEvent [timestamp=1760833033779, current=UP, previous=STARTING]
2025-10-18T21:17:13.781-03:00  INFO 17152 --- [cards] [DiscoveryClient-InstanceInfoReplicator-%d] com.netflix.discovery.DiscoveryClient    : DiscoveryClient_CARDS/cards:fb9e9df8c0434f8315d2eff8e81c69ab: registering service...
2025-10-18T21:17:13.787-03:00  INFO 17152 --- [cards] [main] o.s.a.r.c.CachingConnectionFactory       : Attempting to connect to: [localhost:5672]
2025-10-18T21:17:13.819-03:00  INFO 17152 --- [cards] [main] o.s.a.r.l.SimpleMessageListenerContainer : Broker not available; cannot force queue declarations during start: java.net.ConnectException: Connection refused: getsockopt
2025-10-18T21:17:13.828-03:00  INFO 17152 --- [cards] [org.springframework.amqp.rabbit.RabbitListenerEndpointContainer#0-1] o.s.a.r.c.CachingConnectionFactory       : Attempting to connect to: [localhost:5672]
2025-10-18T21:17:13.836-03:00  INFO 17152 --- [cards] [DiscoveryClient-InstanceInfoReplicator-%d] c.n.d.s.t.d.RedirectingEurekaHttpClient  : Request execution error. endpoint=DefaultEndpoint{ serviceUrl='http://eureka-user-course:eru-reuesrkeauo-sc@localhost:8761/eureka/}, exception=I/O error on POST request for "http://localhost:8761/eureka/apps/CARDS": Connect to http://localhost:8761 failed: Connection refused: getsockopt stacktrace=org.springframework.web.client.ResourceAccessException: I/O error on POST request for "http://localhost:8761/eureka/apps/CARDS": Connect to http://localhost:8761 failed: Connection refused: getsockopt
	at org.springframework.web.client.RestTemplate.createResourceAccessException(RestTemplate.java:926)
	at org.springframework.web.client.RestTemplate.doExecute(RestTemplate.java:906)
	at org.springframework.web.client.RestTemplate.execute(RestTemplate.java:841)
	at org.springframework.web.client.RestTemplate.exchange(RestTemplate.java:702)
	at org.springframework.cloud.netflix.eureka.http.RestTemplateEurekaHttpClient.register(RestTemplateEurekaHttpClient.java:87)
	at com.netflix.discovery.shared.transport.decorator.EurekaHttpClientDecorator$1.execute(EurekaHttpClientDecorator.java:59)
	at com.netflix.discovery.shared.transport.decorator.RedirectingEurekaHttpClient.executeOnNewServer(RedirectingEurekaHttpClient.java:121)
	at com.netflix.discovery.shared.transport.decorator.RedirectingEurekaHttpClient.execute(RedirectingEurekaHttpClient.java:80)
	at com.netflix.discovery.shared.transport.decorator.EurekaHttpClientDecorator.register(EurekaHttpClientDecorator.java:56)
	at com.netflix.discovery.shared.transport.decorator.EurekaHttpClientDecorator$1.execute(EurekaHttpClientDecorator.java:59)
	at com.netflix.discovery.shared.transport.decorator.RetryableEurekaHttpClient.execute(RetryableEurekaHttpClient.java:120)
	at com.netflix.discovery.shared.transport.decorator.EurekaHttpClientDecorator.register(EurekaHttpClientDecorator.java:56)
	at com.netflix.discovery.shared.transport.decorator.EurekaHttpClientDecorator$1.execute(EurekaHttpClientDecorator.java:59)
	at com.netflix.discovery.shared.transport.decorator.SessionedEurekaHttpClient.execute(SessionedEurekaHttpClient.java:76)
	at com.netflix.discovery.shared.transport.decorator.EurekaHttpClientDecorator.register(EurekaHttpClientDecorator.java:56)
	at com.netflix.discovery.DiscoveryClient.register(DiscoveryClient.java:828)
	at com.netflix.discovery.InstanceInfoReplicator.run(InstanceInfoReplicator.java:125)
	at com.netflix.discovery.InstanceInfoReplicator$2.run(InstanceInfoReplicator.java:105)
	at java.base/java.util.concurrent.Executors$RunnableAdapter.call(Executors.java:572)
	at java.base/java.util.concurrent.FutureTask.run(FutureTask.java:317)
	at java.base/java.util.concurrent.ScheduledThreadPoolExecutor$ScheduledFutureTask.run(ScheduledThreadPoolExecutor.java:304)
	at java.base/java.util.concurrent.ThreadPoolExecutor.runWorker(ThreadPoolExecutor.java:1144)
	at java.base/java.util.concurrent.ThreadPoolExecutor$Worker.run(ThreadPoolExecutor.java:642)
	at java.base/java.lang.Thread.run(Thread.java:1583)
Caused by: org.apache.hc.client5.http.HttpHostConnectException: Connect to http://localhost:8761 failed: Connection refused: getsockopt
	at java.base/sun.nio.ch.Net.pollConnect(Native Method)
	at java.base/sun.nio.ch.Net.pollConnectNow(Net.java:682)
	at java.base/sun.nio.ch.NioSocketImpl.timedFinishConnect(NioSocketImpl.java:542)
	at java.base/sun.nio.ch.NioSocketImpl.connect(NioSocketImpl.java:592)
	at java.base/java.net.SocksSocketImpl.connect(SocksSocketImpl.java:327)
	at java.base/java.net.Socket.connect(Socket.java:751)
	at org.apache.hc.client5.http.impl.io.DefaultHttpClientConnectionOperator.connect(DefaultHttpClientConnectionOperator.java:205)
	at org.apache.hc.client5.http.impl.io.PoolingHttpClientConnectionManager.connect(PoolingHttpClientConnectionManager.java:490)
	at org.apache.hc.client5.http.impl.classic.InternalExecRuntime.connectEndpoint(InternalExecRuntime.java:164)
	at org.apache.hc.client5.http.impl.classic.InternalExecRuntime.connectEndpoint(InternalExecRuntime.java:174)
	at org.apache.hc.client5.http.impl.classic.ConnectExec.execute(ConnectExec.java:144)
	at org.apache.hc.client5.http.impl.classic.ExecChainElement.execute(ExecChainElement.java:51)
	at org.apache.hc.client5.http.impl.classic.ProtocolExec.execute(ProtocolExec.java:195)
	at org.apache.hc.client5.http.impl.classic.ExecChainElement.execute(ExecChainElement.java:51)
	at org.apache.hc.client5.http.impl.classic.ContentCompressionExec.execute(ContentCompressionExec.java:150)
	at org.apache.hc.client5.http.impl.classic.ExecChainElement.execute(ExecChainElement.java:51)
	at org.apache.hc.client5.http.impl.classic.HttpRequestRetryExec.execute(HttpRequestRetryExec.java:113)
	at org.apache.hc.client5.http.impl.classic.ExecChainElement.execute(ExecChainElement.java:51)
	at org.apache.hc.client5.http.impl.classic.RedirectExec.execute(RedirectExec.java:110)
	at org.apache.hc.client5.http.impl.classic.ExecChainElement.execute(ExecChainElement.java:51)
	at org.apache.hc.client5.http.impl.classic.InternalHttpClient.doExecute(InternalHttpClient.java:185)
	at org.apache.hc.client5.http.impl.classic.CloseableHttpClient.execute(CloseableHttpClient.java:87)
	at org.apache.hc.client5.http.impl.classic.CloseableHttpClient.execute(CloseableHttpClient.java:55)
	at org.apache.hc.client5.http.classic.HttpClient.executeOpen(HttpClient.java:183)
	at org.springframework.http.client.HttpComponentsClientHttpRequest.executeInternal(HttpComponentsClientHttpRequest.java:99)
	at org.springframework.http.client.AbstractStreamingClientHttpRequest.executeInternal(AbstractStreamingClientHttpRequest.java:71)
	at org.springframework.http.client.AbstractClientHttpRequest.execute(AbstractClientHttpRequest.java:81)
	at org.springframework.http.client.InterceptingClientHttpRequest$InterceptingRequestExecution.execute(InterceptingClientHttpRequest.java:117)
	at org.springframework.cloud.netflix.eureka.http.RestTemplateTransportClientFactory.lambda$restTemplate$2(RestTemplateTransportClientFactory.java:145)
	at org.springframework.http.client.InterceptingClientHttpRequest$InterceptingRequestExecution.execute(InterceptingClientHttpRequest.java:88)
	at org.springframework.http.client.support.BasicAuthenticationInterceptor.intercept(BasicAuthenticationInterceptor.java:79)
	at org.springframework.http.client.InterceptingClientHttpRequest$InterceptingRequestExecution.execute(InterceptingClientHttpRequest.java:88)
	at org.springframework.http.client.InterceptingClientHttpRequest.executeInternal(InterceptingClientHttpRequest.java:72)
	at org.springframework.http.client.AbstractBufferingClientHttpRequest.executeInternal(AbstractBufferingClientHttpRequest.java:48)
	at org.springframework.http.client.AbstractClientHttpRequest.execute(AbstractClientHttpRequest.java:81)
	at org.springframework.web.client.RestTemplate.doExecute(RestTemplate.java:900)
	... 22 more

2025-10-18T21:17:13.836-03:00  WARN 17152 --- [cards] [DiscoveryClient-InstanceInfoReplicator-%d] c.n.d.s.t.d.RetryableEurekaHttpClient    : Request execution failed with message: I/O error on POST request for "http://localhost:8761/eureka/apps/CARDS": Connect to http://localhost:8761 failed: Connection refused: getsockopt
2025-10-18T21:17:13.841-03:00  INFO 17152 --- [cards] [main] b.c.m.cards.CardsApplication             : Started CardsApplication in 7.222 seconds (process running for 8.038)
2025-10-18T21:17:13.836-03:00  WARN 17152 --- [cards] [DiscoveryClient-InstanceInfoReplicator-%d] com.netflix.discovery.DiscoveryClient    : DiscoveryClient_CARDS/cards:fb9e9df8c0434f8315d2eff8e81c69ab - registration failed Cannot execute request on any known server

com.netflix.discovery.shared.transport.TransportException: Cannot execute request on any known server
	at com.netflix.discovery.shared.transport.decorator.RetryableEurekaHttpClient.execute(RetryableEurekaHttpClient.java:112) ~[eureka-client-2.0.4.jar:2.0.4]
	at com.netflix.discovery.shared.transport.decorator.EurekaHttpClientDecorator.register(EurekaHttpClientDecorator.java:56) ~[eureka-client-2.0.4.jar:2.0.4]
	at com.netflix.discovery.shared.transport.decorator.EurekaHttpClientDecorator$1.execute(EurekaHttpClientDecorator.java:59) ~[eureka-client-2.0.4.jar:2.0.4]
	at com.netflix.discovery.shared.transport.decorator.SessionedEurekaHttpClient.execute(SessionedEurekaHttpClient.java:76) ~[eureka-client-2.0.4.jar:2.0.4]
	at com.netflix.discovery.shared.transport.decorator.EurekaHttpClientDecorator.register(EurekaHttpClientDecorator.java:56) ~[eureka-client-2.0.4.jar:2.0.4]
	at com.netflix.discovery.DiscoveryClient.register(DiscoveryClient.java:828) ~[eureka-client-2.0.4.jar:2.0.4]
	at com.netflix.discovery.InstanceInfoReplicator.run(InstanceInfoReplicator.java:125) ~[eureka-client-2.0.4.jar:2.0.4]
	at com.netflix.discovery.InstanceInfoReplicator$2.run(InstanceInfoReplicator.java:105) ~[eureka-client-2.0.4.jar:2.0.4]
	at java.base/java.util.concurrent.Executors$RunnableAdapter.call(Executors.java:572) ~[na:na]
	at java.base/java.util.concurrent.FutureTask.run(FutureTask.java:317) ~[na:na]
	at java.base/java.util.concurrent.ScheduledThreadPoolExecutor$ScheduledFutureTask.run(ScheduledThreadPoolExecutor.java:304) ~[na:na]
	at java.base/java.util.concurrent.ThreadPoolExecutor.runWorker(ThreadPoolExecutor.java:1144) ~[na:na]
	at java.base/java.util.concurrent.ThreadPoolExecutor$Worker.run(ThreadPoolExecutor.java:642) ~[na:na]
	at java.base/java.lang.Thread.run(Thread.java:1583) ~[na:na]

2025-10-18T21:17:13.843-03:00  WARN 17152 --- [cards] [DiscoveryClient-InstanceInfoReplicator-%d] c.n.discovery.InstanceInfoReplicator     : There was a problem with the instance info replicator

com.netflix.discovery.shared.transport.TransportException: Cannot execute request on any known server
	at com.netflix.discovery.shared.transport.decorator.RetryableEurekaHttpClient.execute(RetryableEurekaHttpClient.java:112) ~[eureka-client-2.0.4.jar:2.0.4]
	at com.netflix.discovery.shared.transport.decorator.EurekaHttpClientDecorator.register(EurekaHttpClientDecorator.java:56) ~[eureka-client-2.0.4.jar:2.0.4]
	at com.netflix.discovery.shared.transport.decorator.EurekaHttpClientDecorator$1.execute(EurekaHttpClientDecorator.java:59) ~[eureka-client-2.0.4.jar:2.0.4]
	at com.netflix.discovery.shared.transport.decorator.SessionedEurekaHttpClient.execute(SessionedEurekaHttpClient.java:76) ~[eureka-client-2.0.4.jar:2.0.4]
	at com.netflix.discovery.shared.transport.decorator.EurekaHttpClientDecorator.register(EurekaHttpClientDecorator.java:56) ~[eureka-client-2.0.4.jar:2.0.4]
	at com.netflix.discovery.DiscoveryClient.register(DiscoveryClient.java:828) ~[eureka-client-2.0.4.jar:2.0.4]
	at com.netflix.discovery.InstanceInfoReplicator.run(InstanceInfoReplicator.java:125) ~[eureka-client-2.0.4.jar:2.0.4]
	at com.netflix.discovery.InstanceInfoReplicator$2.run(InstanceInfoReplicator.java:105) ~[eureka-client-2.0.4.jar:2.0.4]
	at java.base/java.util.concurrent.Executors$RunnableAdapter.call(Executors.java:572) ~[na:na]
	at java.base/java.util.concurrent.FutureTask.run(FutureTask.java:317) ~[na:na]
	at java.base/java.util.concurrent.ScheduledThreadPoolExecutor$ScheduledFutureTask.run(ScheduledThreadPoolExecutor.java:304) ~[na:na]
	at java.base/java.util.concurrent.ThreadPoolExecutor.runWorker(ThreadPoolExecutor.java:1144) ~[na:na]
	at java.base/java.util.concurrent.ThreadPoolExecutor$Worker.run(ThreadPoolExecutor.java:642) ~[na:na]
	at java.base/java.lang.Thread.run(Thread.java:1583) ~[na:na]

2025-10-18T21:17:18.906-03:00  WARN 17152 --- [cards] [org.springframework.amqp.rabbit.RabbitListenerEndpointContainer#0-1] o.s.a.r.l.SimpleMessageListenerContainer : Consumer raised exception, processing can restart if the connection factory supports it. Exception summary: org.springframework.amqp.AmqpConnectException: java.net.ConnectException: Connection refused: getsockopt
2025-10-18T21:17:18.910-03:00  INFO 17152 --- [cards] [org.springframework.amqp.rabbit.RabbitListenerEndpointContainer#0-1] o.s.a.r.l.SimpleMessageListenerContainer : Restarting Consumer@13485e82: tags=[[]], channel=null, acknowledgeMode=AUTO local queue size=0
2025-10-18T21:17:18.917-03:00  INFO 17152 --- [cards] [org.springframework.amqp.rabbit.RabbitListenerEndpointContainer#0-2] o.s.a.r.c.CachingConnectionFactory       : Attempting to connect to: [localhost:5672]
2025-10-18T21:17:24.018-03:00  WARN 17152 --- [cards] [org.springframework.amqp.rabbit.RabbitListenerEndpointContainer#0-2] o.s.a.r.l.SimpleMessageListenerContainer : Consumer raised exception, processing can restart if the connection factory supports it. Exception summary: org.springframework.amqp.AmqpConnectException: java.net.ConnectException: Connection refused: getsockopt
2025-10-18T21:17:24.018-03:00  INFO 17152 --- [cards] [org.springframework.amqp.rabbit.RabbitListenerEndpointContainer#0-2] o.s.a.r.l.SimpleMessageListenerContainer : Restarting Consumer@73a83b2e: tags=[[]], channel=null, acknowledgeMode=AUTO local queue size=0
2025-10-18T21:17:24.019-03:00  INFO 17152 --- [cards] [org.springframework.amqp.rabbit.RabbitListenerEndpointContainer#0-3] o.s.a.r.c.CachingConnectionFactory       : Attempting to connect to: [localhost:5672]
2025-10-18T21:17:29.128-03:00  WARN 17152 --- [cards] [org.springframework.amqp.rabbit.RabbitListenerEndpointContainer#0-3] o.s.a.r.l.SimpleMessageListenerContainer : Consumer raised exception, processing can restart if the connection factory supports it. Exception summary: org.springframework.amqp.AmqpConnectException: java.net.ConnectException: Connection refused: getsockopt
2025-10-18T21:17:29.128-03:00  INFO 17152 --- [cards] [org.springframework.amqp.rabbit.RabbitListenerEndpointContainer#0-3] o.s.a.r.l.SimpleMessageListenerContainer : Restarting Consumer@7a2043ae: tags=[[]], channel=null, acknowledgeMode=AUTO local queue size=0
2025-10-18T21:17:29.129-03:00  INFO 17152 --- [cards] [org.springframework.amqp.rabbit.RabbitListenerEndpointContainer#0-4] o.s.a.r.c.CachingConnectionFactory       : Attempting to connect to: [localhost:5672]
2025-10-18T21:17:34.235-03:00  WARN 17152 --- [cards] [org.springframework.amqp.rabbit.RabbitListenerEndpointContainer#0-4] o.s.a.r.l.SimpleMessageListenerContainer : Consumer raised exception, processing can restart if the connection factory supports it. Exception summary: org.springframework.amqp.AmqpConnectException: java.net.ConnectException: Connection refused: getsockopt
2025-10-18T21:17:34.236-03:00  INFO 17152 --- [cards] [org.springframework.amqp.rabbit.RabbitListenerEndpointContainer#0-4] o.s.a.r.l.SimpleMessageListenerContainer : Restarting Consumer@3ead48d7: tags=[[]], channel=null, acknowledgeMode=AUTO local queue size=0
2025-10-18T21:17:34.237-03:00  INFO 17152 --- [cards] [org.springframework.amqp.rabbit.RabbitListenerEndpointContainer#0-5] o.s.a.r.c.CachingConnectionFactory       : Attempting to connect to: [localhost:5672]
2025-10-18T21:17:39.304-03:00  WARN 17152 --- [cards] [org.springframework.amqp.rabbit.RabbitListenerEndpointContainer#0-5] o.s.a.r.l.SimpleMessageListenerContainer : Consumer raised exception, processing can restart if the connection factory supports it. Exception summary: org.springframework.amqp.AmqpConnectException: java.net.ConnectException: Connection refused: getsockopt
2025-10-18T21:17:39.304-03:00  INFO 17152 --- [cards] [org.springframework.amqp.rabbit.RabbitListenerEndpointContainer#0-5] o.s.a.r.l.SimpleMessageListenerContainer : Restarting Consumer@e80ebbe: tags=[[]], channel=null, acknowledgeMode=AUTO local queue size=0
2025-10-18T21:17:39.305-03:00  INFO 17152 --- [cards] [org.springframework.amqp.rabbit.RabbitListenerEndpointContainer#0-6] o.s.a.r.c.CachingConnectionFactory       : Attempting to connect to: [localhost:5672]
2025-10-18T21:17:43.783-03:00  INFO 17152 --- [cards] [DiscoveryClient-CacheRefreshExecutor-%d] com.netflix.discovery.DiscoveryClient    : Disable delta property : false
2025-10-18T21:17:43.783-03:00  INFO 17152 --- [cards] [DiscoveryClient-CacheRefreshExecutor-%d] com.netflix.discovery.DiscoveryClient    : Single vip registry refresh property : null
2025-10-18T21:17:43.783-03:00  INFO 17152 --- [cards] [DiscoveryClient-CacheRefreshExecutor-%d] com.netflix.discovery.DiscoveryClient    : Force full registry fetch : false
2025-10-18T21:17:43.783-03:00  INFO 17152 --- [cards] [DiscoveryClient-CacheRefreshExecutor-%d] com.netflix.discovery.DiscoveryClient    : Application is null : false
2025-10-18T21:17:43.783-03:00  INFO 17152 --- [cards] [DiscoveryClient-CacheRefreshExecutor-%d] com.netflix.discovery.DiscoveryClient    : Registered Applications size is zero : true
2025-10-18T21:17:43.783-03:00  INFO 17152 --- [cards] [DiscoveryClient-CacheRefreshExecutor-%d] com.netflix.discovery.DiscoveryClient    : Application version is -1: true
2025-10-18T21:17:43.783-03:00  INFO 17152 --- [cards] [DiscoveryClient-CacheRefreshExecutor-%d] com.netflix.discovery.DiscoveryClient    : Getting all instance registry info from the eureka server
2025-10-18T21:17:43.844-03:00  INFO 17152 --- [cards] [DiscoveryClient-InstanceInfoReplicator-%d] com.netflix.discovery.DiscoveryClient    : DiscoveryClient_CARDS/cards:fb9e9df8c0434f8315d2eff8e81c69ab: registering service...
2025-10-18T21:17:44.367-03:00  INFO 17152 --- [cards] [DiscoveryClient-CacheRefreshExecutor-%d] com.netflix.discovery.DiscoveryClient    : The response status is 200
2025-10-18T21:17:44.387-03:00  INFO 17152 --- [cards] [DiscoveryClient-HeartbeatExecutor-%d] com.netflix.discovery.DiscoveryClient    : DiscoveryClient_CARDS/cards:fb9e9df8c0434f8315d2eff8e81c69ab - Re-registering apps/CARDS
2025-10-18T21:17:44.387-03:00  INFO 17152 --- [cards] [DiscoveryClient-HeartbeatExecutor-%d] com.netflix.discovery.DiscoveryClient    : DiscoveryClient_CARDS/cards:fb9e9df8c0434f8315d2eff8e81c69ab: registering service...
2025-10-18T21:17:44.390-03:00  WARN 17152 --- [cards] [org.springframework.amqp.rabbit.RabbitListenerEndpointContainer#0-6] o.s.a.r.l.SimpleMessageListenerContainer : Consumer raised exception, processing can restart if the connection factory supports it. Exception summary: org.springframework.amqp.AmqpConnectException: java.net.ConnectException: Connection refused: getsockopt
2025-10-18T21:17:44.391-03:00  INFO 17152 --- [cards] [org.springframework.amqp.rabbit.RabbitListenerEndpointContainer#0-6] o.s.a.r.l.SimpleMessageListenerContainer : Restarting Consumer@5846990e: tags=[[]], channel=null, acknowledgeMode=AUTO local queue size=0
2025-10-18T21:17:44.393-03:00  INFO 17152 --- [cards] [org.springframework.amqp.rabbit.RabbitListenerEndpointContainer#0-7] o.s.a.r.c.CachingConnectionFactory       : Attempting to connect to: [localhost:5672]
2025-10-18T21:17:44.419-03:00  INFO 17152 --- [cards] [DiscoveryClient-InstanceInfoReplicator-%d] com.netflix.discovery.DiscoveryClient    : DiscoveryClient_CARDS/cards:fb9e9df8c0434f8315d2eff8e81c69ab - registration status: 204
2025-10-18T21:17:44.465-03:00  INFO 17152 --- [cards] [DiscoveryClient-HeartbeatExecutor-%d] com.netflix.discovery.DiscoveryClient    : DiscoveryClient_CARDS/cards:fb9e9df8c0434f8315d2eff8e81c69ab - registration status: 204
2025-10-18T21:17:49.516-03:00  WARN 17152 --- [cards] [org.springframework.amqp.rabbit.RabbitListenerEndpointContainer#0-7] o.s.a.r.l.SimpleMessageListenerContainer : Consumer raised exception, processing can restart if the connection factory supports it

org.springframework.amqp.AmqpIOException: java.io.IOException
	at org.springframework.amqp.rabbit.support.RabbitExceptionTranslator.convertRabbitAccessException(RabbitExceptionTranslator.java:70) ~[spring-rabbit-3.2.7.jar:3.2.7]
	at org.springframework.amqp.rabbit.connection.AbstractConnectionFactory.createBareConnection(AbstractConnectionFactory.java:632) ~[spring-rabbit-3.2.7.jar:3.2.7]
	at org.springframework.amqp.rabbit.connection.CachingConnectionFactory.createConnection(CachingConnectionFactory.java:726) ~[spring-rabbit-3.2.7.jar:3.2.7]
	at org.springframework.amqp.rabbit.connection.ConnectionFactoryUtils.createConnection(ConnectionFactoryUtils.java:257) ~[spring-rabbit-3.2.7.jar:3.2.7]
	at org.springframework.amqp.rabbit.connection.ConnectionFactoryUtils$RabbitResourceFactory.createConnection(ConnectionFactoryUtils.java:345) ~[spring-rabbit-3.2.7.jar:3.2.7]
	at org.springframework.amqp.rabbit.connection.ConnectionFactoryUtils.doGetTransactionalResourceHolder(ConnectionFactoryUtils.java:140) ~[spring-rabbit-3.2.7.jar:3.2.7]
	at org.springframework.amqp.rabbit.connection.ConnectionFactoryUtils.getTransactionalResourceHolder(ConnectionFactoryUtils.java:102) ~[spring-rabbit-3.2.7.jar:3.2.7]
	at org.springframework.amqp.rabbit.connection.ConnectionFactoryUtils.getTransactionalResourceHolder(ConnectionFactoryUtils.java:85) ~[spring-rabbit-3.2.7.jar:3.2.7]
	at org.springframework.amqp.rabbit.listener.BlockingQueueConsumer.start(BlockingQueueConsumer.java:625) ~[spring-rabbit-3.2.7.jar:3.2.7]
	at org.springframework.amqp.rabbit.listener.SimpleMessageListenerContainer$AsyncMessageProcessingConsumer.initialize(SimpleMessageListenerContainer.java:1490) ~[spring-rabbit-3.2.7.jar:3.2.7]
	at org.springframework.amqp.rabbit.listener.SimpleMessageListenerContainer$AsyncMessageProcessingConsumer.run(SimpleMessageListenerContainer.java:1328) ~[spring-rabbit-3.2.7.jar:3.2.7]
	at java.base/java.lang.Thread.run(Thread.java:1583) ~[na:na]
Caused by: java.io.IOException: null
	at com.rabbitmq.client.impl.AMQChannel.wrap(AMQChannel.java:140) ~[amqp-client-5.25.0.jar:5.25.0]
	at com.rabbitmq.client.impl.AMQChannel.wrap(AMQChannel.java:136) ~[amqp-client-5.25.0.jar:5.25.0]
	at com.rabbitmq.client.impl.AMQConnection.start(AMQConnection.java:406) ~[amqp-client-5.25.0.jar:5.25.0]
	at com.rabbitmq.client.ConnectionFactory.newConnection(ConnectionFactory.java:1251) ~[amqp-client-5.25.0.jar:5.25.0]
	at com.rabbitmq.client.ConnectionFactory.newConnection(ConnectionFactory.java:1198) ~[amqp-client-5.25.0.jar:5.25.0]
	at org.springframework.amqp.rabbit.connection.AbstractConnectionFactory.connectAddresses(AbstractConnectionFactory.java:678) ~[spring-rabbit-3.2.7.jar:3.2.7]
	at org.springframework.amqp.rabbit.connection.AbstractConnectionFactory.connect(AbstractConnectionFactory.java:647) ~[spring-rabbit-3.2.7.jar:3.2.7]
	at org.springframework.amqp.rabbit.connection.AbstractConnectionFactory.createBareConnection(AbstractConnectionFactory.java:593) ~[spring-rabbit-3.2.7.jar:3.2.7]
	... 10 common frames omitted
Caused by: com.rabbitmq.client.ShutdownSignalException: connection error
	at com.rabbitmq.utility.ValueOrException.getValue(ValueOrException.java:66) ~[amqp-client-5.25.0.jar:5.25.0]
	at com.rabbitmq.utility.BlockingValueOrException.uninterruptibleGetValue(BlockingValueOrException.java:36) ~[amqp-client-5.25.0.jar:5.25.0]
	at com.rabbitmq.client.impl.AMQChannel$BlockingRpcContinuation.getReply(AMQChannel.java:552) ~[amqp-client-5.25.0.jar:5.25.0]
	at com.rabbitmq.client.impl.AMQConnection.start(AMQConnection.java:336) ~[amqp-client-5.25.0.jar:5.25.0]
	... 15 common frames omitted
Caused by: java.io.EOFException: null
	at java.base/java.io.DataInputStream.readUnsignedByte(DataInputStream.java:297) ~[na:na]
	at com.rabbitmq.client.impl.Frame.readFrom(Frame.java:91) ~[amqp-client-5.25.0.jar:5.25.0]
	at com.rabbitmq.client.impl.SocketFrameHandler.readFrame(SocketFrameHandler.java:199) ~[amqp-client-5.25.0.jar:5.25.0]
	at com.rabbitmq.client.impl.AMQConnection$MainLoop.run(AMQConnection.java:687) ~[amqp-client-5.25.0.jar:5.25.0]
	... 1 common frames omitted

2025-10-18T21:17:49.517-03:00  INFO 17152 --- [cards] [org.springframework.amqp.rabbit.RabbitListenerEndpointContainer#0-7] o.s.a.r.l.SimpleMessageListenerContainer : Restarting Consumer@4fa5d01c: tags=[[]], channel=null, acknowledgeMode=AUTO local queue size=0
2025-10-18T21:17:49.518-03:00  INFO 17152 --- [cards] [org.springframework.amqp.rabbit.RabbitListenerEndpointContainer#0-8] o.s.a.r.c.CachingConnectionFactory       : Attempting to connect to: [localhost:5672]
2025-10-18T21:17:53.393-03:00  INFO 17152 --- [cards] [SpringApplicationShutdownHook] o.s.c.n.e.s.EurekaServiceRegistry        : Unregistering application CARDS with eureka with status DOWN
2025-10-18T21:17:53.393-03:00  INFO 17152 --- [cards] [SpringApplicationShutdownHook] com.netflix.discovery.DiscoveryClient    : Saw local status change event StatusChangeEvent [timestamp=1760833073393, current=DOWN, previous=UP]
2025-10-18T21:17:53.393-03:00  INFO 17152 --- [cards] [DiscoveryClient-InstanceInfoReplicator-%d] com.netflix.discovery.DiscoveryClient    : DiscoveryClient_CARDS/cards:fb9e9df8c0434f8315d2eff8e81c69ab: registering service...
2025-10-18T21:17:53.396-03:00  INFO 17152 --- [cards] [org.springframework.amqp.rabbit.RabbitListenerEndpointContainer#0-9] o.s.a.r.l.SimpleMessageListenerContainer : Waiting for workers to finish.
2025-10-18T21:17:53.396-03:00  INFO 17152 --- [cards] [org.springframework.amqp.rabbit.RabbitListenerEndpointContainer#0-9] o.s.a.r.l.SimpleMessageListenerContainer : Successfully waited for workers to finish.
2025-10-18T21:17:53.397-03:00  INFO 17152 --- [cards] [SpringApplicationShutdownHook] o.s.b.w.e.tomcat.GracefulShutdown        : Commencing graceful shutdown. Waiting for active requests to complete
2025-10-18T21:17:53.401-03:00  INFO 17152 --- [cards] [tomcat-shutdown] o.s.b.w.e.tomcat.GracefulShutdown        : Graceful shutdown complete
2025-10-18T21:17:53.405-03:00  WARN 17152 --- [cards] [org.springframework.amqp.rabbit.RabbitListenerEndpointContainer#0-8] o.s.a.r.l.SimpleMessageListenerContainer : Consumer raised exception, processing can restart if the connection factory supports it

org.springframework.amqp.AmqpIOException: java.io.IOException
	at org.springframework.amqp.rabbit.support.RabbitExceptionTranslator.convertRabbitAccessException(RabbitExceptionTranslator.java:70) ~[spring-rabbit-3.2.7.jar:3.2.7]
	at org.springframework.amqp.rabbit.connection.AbstractConnectionFactory.createBareConnection(AbstractConnectionFactory.java:632) ~[spring-rabbit-3.2.7.jar:3.2.7]
	at org.springframework.amqp.rabbit.connection.CachingConnectionFactory.createConnection(CachingConnectionFactory.java:726) ~[spring-rabbit-3.2.7.jar:3.2.7]
	at org.springframework.amqp.rabbit.connection.ConnectionFactoryUtils.createConnection(ConnectionFactoryUtils.java:257) ~[spring-rabbit-3.2.7.jar:3.2.7]
	at org.springframework.amqp.rabbit.connection.ConnectionFactoryUtils$RabbitResourceFactory.createConnection(ConnectionFactoryUtils.java:345) ~[spring-rabbit-3.2.7.jar:3.2.7]
	at org.springframework.amqp.rabbit.connection.ConnectionFactoryUtils.doGetTransactionalResourceHolder(ConnectionFactoryUtils.java:140) ~[spring-rabbit-3.2.7.jar:3.2.7]
	at org.springframework.amqp.rabbit.connection.ConnectionFactoryUtils.getTransactionalResourceHolder(ConnectionFactoryUtils.java:102) ~[spring-rabbit-3.2.7.jar:3.2.7]
	at org.springframework.amqp.rabbit.connection.ConnectionFactoryUtils.getTransactionalResourceHolder(ConnectionFactoryUtils.java:85) ~[spring-rabbit-3.2.7.jar:3.2.7]
	at org.springframework.amqp.rabbit.listener.BlockingQueueConsumer.start(BlockingQueueConsumer.java:625) ~[spring-rabbit-3.2.7.jar:3.2.7]
	at org.springframework.amqp.rabbit.listener.SimpleMessageListenerContainer$AsyncMessageProcessingConsumer.initialize(SimpleMessageListenerContainer.java:1490) ~[spring-rabbit-3.2.7.jar:3.2.7]
	at org.springframework.amqp.rabbit.listener.SimpleMessageListenerContainer$AsyncMessageProcessingConsumer.run(SimpleMessageListenerContainer.java:1328) ~[spring-rabbit-3.2.7.jar:3.2.7]
	at java.base/java.lang.Thread.run(Thread.java:1583) ~[na:na]
Caused by: java.io.IOException: null
	at com.rabbitmq.client.impl.AMQChannel.wrap(AMQChannel.java:140) ~[amqp-client-5.25.0.jar:5.25.0]
	at com.rabbitmq.client.impl.AMQChannel.wrap(AMQChannel.java:136) ~[amqp-client-5.25.0.jar:5.25.0]
	at com.rabbitmq.client.impl.AMQConnection.start(AMQConnection.java:406) ~[amqp-client-5.25.0.jar:5.25.0]
	at com.rabbitmq.client.ConnectionFactory.newConnection(ConnectionFactory.java:1251) ~[amqp-client-5.25.0.jar:5.25.0]
	at com.rabbitmq.client.ConnectionFactory.newConnection(ConnectionFactory.java:1198) ~[amqp-client-5.25.0.jar:5.25.0]
	at org.springframework.amqp.rabbit.connection.AbstractConnectionFactory.connectAddresses(AbstractConnectionFactory.java:678) ~[spring-rabbit-3.2.7.jar:3.2.7]
	at org.springframework.amqp.rabbit.connection.AbstractConnectionFactory.connect(AbstractConnectionFactory.java:647) ~[spring-rabbit-3.2.7.jar:3.2.7]
	at org.springframework.amqp.rabbit.connection.AbstractConnectionFactory.createBareConnection(AbstractConnectionFactory.java:593) ~[spring-rabbit-3.2.7.jar:3.2.7]
	... 10 common frames omitted
Caused by: com.rabbitmq.client.ShutdownSignalException: connection error
	at com.rabbitmq.utility.ValueOrException.getValue(ValueOrException.java:66) ~[amqp-client-5.25.0.jar:5.25.0]
	at com.rabbitmq.utility.BlockingValueOrException.uninterruptibleGetValue(BlockingValueOrException.java:36) ~[amqp-client-5.25.0.jar:5.25.0]
	at com.rabbitmq.client.impl.AMQChannel$BlockingRpcContinuation.getReply(AMQChannel.java:552) ~[amqp-client-5.25.0.jar:5.25.0]
	at com.rabbitmq.client.impl.AMQConnection.start(AMQConnection.java:336) ~[amqp-client-5.25.0.jar:5.25.0]
	... 15 common frames omitted
Caused by: java.io.EOFException: null
	at java.base/java.io.DataInputStream.readUnsignedByte(DataInputStream.java:297) ~[na:na]
	at com.rabbitmq.client.impl.Frame.readFrom(Frame.java:91) ~[amqp-client-5.25.0.jar:5.25.0]
	at com.rabbitmq.client.impl.SocketFrameHandler.readFrame(SocketFrameHandler.java:199) ~[amqp-client-5.25.0.jar:5.25.0]
	at com.rabbitmq.client.impl.AMQConnection$MainLoop.run(AMQConnection.java:687) ~[amqp-client-5.25.0.jar:5.25.0]
	... 1 common frames omitted

2025-10-18T21:17:53.407-03:00  INFO 17152 --- [cards] [SpringApplicationShutdownHook] j.LocalContainerEntityManagerFactoryBean : Closing JPA EntityManagerFactory for persistence unit 'default'
2025-10-18T21:17:53.412-03:00  INFO 17152 --- [cards] [SpringApplicationShutdownHook] com.zaxxer.hikari.HikariDataSource       : HikariPool-1 - Shutdown initiated...
2025-10-18T21:17:53.415-03:00  INFO 17152 --- [cards] [SpringApplicationShutdownHook] com.zaxxer.hikari.HikariDataSource       : HikariPool-1 - Shutdown completed.
2025-10-18T21:17:53.415-03:00  INFO 17152 --- [cards] [SpringApplicationShutdownHook] com.netflix.discovery.DiscoveryClient    : Shutting down DiscoveryClient ...
2025-10-18T21:17:53.470-03:00  INFO 17152 --- [cards] [DiscoveryClient-InstanceInfoReplicator-%d] com.netflix.discovery.DiscoveryClient    : DiscoveryClient_CARDS/cards:fb9e9df8c0434f8315d2eff8e81c69ab - registration status: 204
2025-10-18T21:17:53.471-03:00  INFO 17152 --- [cards] [SpringApplicationShutdownHook] com.netflix.discovery.DiscoveryClient    : Unregistering ...
2025-10-18T21:17:53.541-03:00  INFO 17152 --- [cards] [SpringApplicationShutdownHook] com.netflix.discovery.DiscoveryClient    : DiscoveryClient_CARDS/cards:fb9e9df8c0434f8315d2eff8e81c69ab - deregister  status: 200
2025-10-18T21:17:53.541-03:00  INFO 17152 --- [cards] [SpringApplicationShutdownHook] com.netflix.discovery.DiscoveryClient    : Completed shut down of DiscoveryClient
2025-10-18T21:17:55.492-03:00  INFO 22916 --- [cards] [main] b.c.m.cards.CardsApplication             : Starting CardsApplication using Java 21.0.7 with PID 22916 (C:\Users\Ronald\Documents\Projetos\credito-microservice-course\cards-microservice\target\classes started by Ronald in C:\Users\Ronald\Documents\Projetos\credito-microservice-course\cards-microservice)
2025-10-18T21:17:55.493-03:00  INFO 22916 --- [cards] [main] b.c.m.cards.CardsApplication             : No active profile set, falling back to 1 default profile: "default"
2025-10-18T21:17:56.830-03:00  INFO 22916 --- [cards] [main] .s.d.r.c.RepositoryConfigurationDelegate : Bootstrapping Spring Data JPA repositories in DEFAULT mode.
2025-10-18T21:17:56.976-03:00  INFO 22916 --- [cards] [main] .s.d.r.c.RepositoryConfigurationDelegate : Finished Spring Data repository scanning in 137 ms. Found 2 JPA repository interfaces.
2025-10-18T21:17:57.270-03:00  INFO 22916 --- [cards] [main] o.s.cloud.context.scope.GenericScope     : BeanFactory id=c5496b89-da72-3a18-9cf1-5386790befae
2025-10-18T21:17:57.815-03:00  INFO 22916 --- [cards] [main] o.s.b.w.embedded.tomcat.TomcatWebServer  : Tomcat initialized with port 0 (http)
2025-10-18T21:17:57.830-03:00  INFO 22916 --- [cards] [main] o.apache.catalina.core.StandardService   : Starting service [Tomcat]
2025-10-18T21:17:57.832-03:00  INFO 22916 --- [cards] [main] o.apache.catalina.core.StandardEngine    : Starting Servlet engine: [Apache Tomcat/10.1.46]
2025-10-18T21:17:57.918-03:00  INFO 22916 --- [cards] [main] o.a.c.c.C.[Tomcat].[localhost].[/]       : Initializing Spring embedded WebApplicationContext
2025-10-18T21:17:57.919-03:00  INFO 22916 --- [cards] [main] w.s.c.ServletWebServerApplicationContext : Root WebApplicationContext: initialization completed in 2374 ms
2025-10-18T21:17:58.253-03:00  INFO 22916 --- [cards] [main] com.zaxxer.hikari.HikariDataSource       : HikariPool-1 - Starting...
2025-10-18T21:17:58.449-03:00  INFO 22916 --- [cards] [main] com.zaxxer.hikari.pool.HikariPool        : HikariPool-1 - Added connection conn0: url=jdbc:h2:mem:820f1dd0-3139-4ee5-8d01-00a6a4db79d7 user=SA
2025-10-18T21:17:58.450-03:00  INFO 22916 --- [cards] [main] com.zaxxer.hikari.HikariDataSource       : HikariPool-1 - Start completed.
2025-10-18T21:17:58.507-03:00  INFO 22916 --- [cards] [main] o.hibernate.jpa.internal.util.LogHelper  : HHH000204: Processing PersistenceUnitInfo [name: default]
2025-10-18T21:17:58.567-03:00  INFO 22916 --- [cards] [main] org.hibernate.Version                    : HHH000412: Hibernate ORM core version 6.6.29.Final
2025-10-18T21:17:58.607-03:00  INFO 22916 --- [cards] [main] o.h.c.internal.RegionFactoryInitiator    : HHH000026: Second-level cache disabled
2025-10-18T21:17:58.900-03:00  INFO 22916 --- [cards] [main] o.s.o.j.p.SpringPersistenceUnitInfo      : No LoadTimeWeaver setup: ignoring JPA class transformer
2025-10-18T21:17:58.978-03:00  INFO 22916 --- [cards] [main] org.hibernate.orm.connections.pooling    : HHH10001005: Database info:
	Database JDBC URL [Connecting through datasource 'HikariDataSource (HikariPool-1)']
	Database driver: undefined/unknown
	Database version: 2.3.232
	Autocommit mode: undefined/unknown
	Isolation level: undefined/unknown
	Minimum pool size: undefined/unknown
	Maximum pool size: undefined/unknown
2025-10-18T21:17:59.751-03:00  INFO 22916 --- [cards] [main] o.h.e.t.j.p.i.JtaPlatformInitiator       : HHH000489: No JTA platform available (set 'hibernate.transaction.jta.platform' to enable JTA platform integration)
2025-10-18T21:17:59.811-03:00  INFO 22916 --- [cards] [main] j.LocalContainerEntityManagerFactoryBean : Initialized JPA EntityManagerFactory for persistence unit 'default'
2025-10-18T21:18:00.345-03:00  WARN 22916 --- [cards] [main] JpaBaseConfiguration$JpaWebConfiguration : spring.jpa.open-in-view is enabled by default. Therefore, database queries may be performed during view rendering. Explicitly configure spring.jpa.open-in-view to disable this warning
2025-10-18T21:18:01.643-03:00  INFO 22916 --- [cards] [main] DiscoveryClientOptionalArgsConfiguration : Eureka HTTP Client uses RestTemplate.
2025-10-18T21:18:01.707-03:00  WARN 22916 --- [cards] [main] iguration$LoadBalancerCaffeineWarnLogger : Spring Cloud LoadBalancer is currently working with the default cache. While this cache implementation is useful for development and tests, it's recommended to use Caffeine cache in production.You can switch to using Caffeine cache, by adding it and org.springframework.cache.caffeine.CaffeineCacheManager to the classpath.
2025-10-18T21:18:01.716-03:00  INFO 22916 --- [cards] [main] o.s.b.a.e.web.EndpointLinksResolver      : Exposing 17 endpoints beneath base path '/actuator'
2025-10-18T21:18:01.883-03:00  INFO 22916 --- [cards] [main] o.s.b.w.embedded.tomcat.TomcatWebServer  : Tomcat started on port 57429 (http) with context path '/'
2025-10-18T21:18:01.884-03:00  INFO 22916 --- [cards] [main] .s.c.n.e.s.EurekaAutoServiceRegistration : Updating port to 57429
2025-10-18T21:18:01.892-03:00  INFO 22916 --- [cards] [main] o.s.c.n.eureka.InstanceInfoFactory       : Setting initial instance status as: STARTING
2025-10-18T21:18:01.912-03:00  INFO 22916 --- [cards] [main] com.netflix.discovery.DiscoveryClient    : Initializing Eureka in region us-east-1
2025-10-18T21:18:01.916-03:00  INFO 22916 --- [cards] [main] c.n.d.s.r.aws.ConfigClusterResolver      : Resolving eureka endpoints via configuration
2025-10-18T21:18:01.925-03:00  INFO 22916 --- [cards] [main] com.netflix.discovery.DiscoveryClient    : Disable delta property : false
2025-10-18T21:18:01.925-03:00  INFO 22916 --- [cards] [main] com.netflix.discovery.DiscoveryClient    : Single vip registry refresh property : null
2025-10-18T21:18:01.925-03:00  INFO 22916 --- [cards] [main] com.netflix.discovery.DiscoveryClient    : Force full registry fetch : false
2025-10-18T21:18:01.925-03:00  INFO 22916 --- [cards] [main] com.netflix.discovery.DiscoveryClient    : Application is null : false
2025-10-18T21:18:01.926-03:00  INFO 22916 --- [cards] [main] com.netflix.discovery.DiscoveryClient    : Registered Applications size is zero : true
2025-10-18T21:18:01.926-03:00  INFO 22916 --- [cards] [main] com.netflix.discovery.DiscoveryClient    : Application version is -1: true
2025-10-18T21:18:01.926-03:00  INFO 22916 --- [cards] [main] com.netflix.discovery.DiscoveryClient    : Getting all instance registry info from the eureka server
2025-10-18T21:18:02.419-03:00  INFO 22916 --- [cards] [main] com.netflix.discovery.DiscoveryClient    : The response status is 200
2025-10-18T21:18:02.421-03:00  INFO 22916 --- [cards] [main] com.netflix.discovery.DiscoveryClient    : Starting heartbeat executor: renew interval is: 30
2025-10-18T21:18:02.424-03:00  INFO 22916 --- [cards] [main] c.n.discovery.InstanceInfoReplicator     : InstanceInfoReplicator onDemand update allowed rate per min is 4
2025-10-18T21:18:02.427-03:00  INFO 22916 --- [cards] [main] com.netflix.discovery.DiscoveryClient    : Discovery Client initialized at timestamp 1760833082426 with initial instances count: 0
2025-10-18T21:18:02.431-03:00  INFO 22916 --- [cards] [main] o.s.c.n.e.s.EurekaServiceRegistry        : Registering application CARDS with eureka with status UP
2025-10-18T21:18:02.432-03:00  INFO 22916 --- [cards] [main] com.netflix.discovery.DiscoveryClient    : Saw local status change event StatusChangeEvent [timestamp=1760833082432, current=UP, previous=STARTING]
2025-10-18T21:18:02.433-03:00  INFO 22916 --- [cards] [DiscoveryClient-InstanceInfoReplicator-%d] com.netflix.discovery.DiscoveryClient    : DiscoveryClient_CARDS/cards:9224abdc31105b377778ed5b635814d4: registering service...
2025-10-18T21:18:02.442-03:00  INFO 22916 --- [cards] [main] o.s.a.r.c.CachingConnectionFactory       : Attempting to connect to: [localhost:5672]
2025-10-18T21:18:02.519-03:00  INFO 22916 --- [cards] [main] o.s.a.r.c.CachingConnectionFactory       : Created new connection: rabbitConnectionFactory#35216a2e:0/SimpleConnection@4632d697 [delegate=amqp://guest@127.0.0.1:5672/, localPort=53495]
2025-10-18T21:18:02.555-03:00  INFO 22916 --- [cards] [DiscoveryClient-InstanceInfoReplicator-%d] com.netflix.discovery.DiscoveryClient    : DiscoveryClient_CARDS/cards:9224abdc31105b377778ed5b635814d4 - registration status: 204
2025-10-18T21:18:02.579-03:00  INFO 22916 --- [cards] [main] b.c.m.cards.CardsApplication             : Started CardsApplication in 7.638 seconds (process running for 8.265)
2025-10-18T21:18:32.425-03:00  INFO 22916 --- [cards] [DiscoveryClient-CacheRefreshExecutor-%d] com.netflix.discovery.DiscoveryClient    : Disable delta property : false
2025-10-18T21:18:32.425-03:00  INFO 22916 --- [cards] [DiscoveryClient-CacheRefreshExecutor-%d] com.netflix.discovery.DiscoveryClient    : Single vip registry refresh property : null
2025-10-18T21:18:32.425-03:00  INFO 22916 --- [cards] [DiscoveryClient-CacheRefreshExecutor-%d] com.netflix.discovery.DiscoveryClient    : Force full registry fetch : false
2025-10-18T21:18:32.425-03:00  INFO 22916 --- [cards] [DiscoveryClient-CacheRefreshExecutor-%d] com.netflix.discovery.DiscoveryClient    : Application is null : false
2025-10-18T21:18:32.425-03:00  INFO 22916 --- [cards] [DiscoveryClient-CacheRefreshExecutor-%d] com.netflix.discovery.DiscoveryClient    : Registered Applications size is zero : true
2025-10-18T21:18:32.425-03:00  INFO 22916 --- [cards] [DiscoveryClient-CacheRefreshExecutor-%d] com.netflix.discovery.DiscoveryClient    : Application version is -1: false
2025-10-18T21:18:32.425-03:00  INFO 22916 --- [cards] [DiscoveryClient-CacheRefreshExecutor-%d] com.netflix.discovery.DiscoveryClient    : Getting all instance registry info from the eureka server
2025-10-18T21:18:32.513-03:00  INFO 22916 --- [cards] [DiscoveryClient-CacheRefreshExecutor-%d] com.netflix.discovery.DiscoveryClient    : The response status is 200
2025-10-18T21:19:57.593-03:00  INFO 22916 --- [cards] [SpringApplicationShutdownHook] o.s.c.n.e.s.EurekaServiceRegistry        : Unregistering application CARDS with eureka with status DOWN
2025-10-18T21:19:57.594-03:00  INFO 22916 --- [cards] [SpringApplicationShutdownHook] com.netflix.discovery.DiscoveryClient    : Saw local status change event StatusChangeEvent [timestamp=1760833197594, current=DOWN, previous=UP]
2025-10-18T21:19:57.594-03:00  INFO 22916 --- [cards] [DiscoveryClient-InstanceInfoReplicator-%d] com.netflix.discovery.DiscoveryClient    : DiscoveryClient_CARDS/cards:9224abdc31105b377778ed5b635814d4: registering service...
2025-10-18T21:19:57.600-03:00  INFO 22916 --- [cards] [org.springframework.amqp.rabbit.RabbitListenerEndpointContainer#0-2] o.s.a.r.l.SimpleMessageListenerContainer : Waiting for workers to finish.
2025-10-18T21:19:57.671-03:00  INFO 22916 --- [cards] [DiscoveryClient-InstanceInfoReplicator-%d] com.netflix.discovery.DiscoveryClient    : DiscoveryClient_CARDS/cards:9224abdc31105b377778ed5b635814d4 - registration status: 204
2025-10-18T21:19:58.460-03:00  INFO 22916 --- [cards] [org.springframework.amqp.rabbit.RabbitListenerEndpointContainer#0-2] o.s.a.r.l.SimpleMessageListenerContainer : Successfully waited for workers to finish.
2025-10-18T21:19:58.460-03:00  INFO 22916 --- [cards] [SpringApplicationShutdownHook] o.s.b.w.e.tomcat.GracefulShutdown        : Commencing graceful shutdown. Waiting for active requests to complete
2025-10-18T21:19:58.466-03:00  INFO 22916 --- [cards] [tomcat-shutdown] o.s.b.w.e.tomcat.GracefulShutdown        : Graceful shutdown complete
2025-10-18T21:19:58.475-03:00  INFO 22916 --- [cards] [SpringApplicationShutdownHook] j.LocalContainerEntityManagerFactoryBean : Closing JPA EntityManagerFactory for persistence unit 'default'
2025-10-18T21:19:58.479-03:00  INFO 22916 --- [cards] [SpringApplicationShutdownHook] com.zaxxer.hikari.HikariDataSource       : HikariPool-1 - Shutdown initiated...
2025-10-18T21:19:58.481-03:00  INFO 22916 --- [cards] [SpringApplicationShutdownHook] com.zaxxer.hikari.HikariDataSource       : HikariPool-1 - Shutdown completed.
2025-10-18T21:19:58.482-03:00  INFO 22916 --- [cards] [SpringApplicationShutdownHook] com.netflix.discovery.DiscoveryClient    : Shutting down DiscoveryClient ...
2025-10-18T21:20:01.489-03:00  INFO 22916 --- [cards] [SpringApplicationShutdownHook] com.netflix.discovery.DiscoveryClient    : Unregistering ...
2025-10-18T21:20:01.569-03:00  INFO 22916 --- [cards] [SpringApplicationShutdownHook] com.netflix.discovery.DiscoveryClient    : DiscoveryClient_CARDS/cards:9224abdc31105b377778ed5b635814d4 - deregister  status: 200
2025-10-18T21:20:01.570-03:00  INFO 22916 --- [cards] [SpringApplicationShutdownHook] com.netflix.discovery.DiscoveryClient    : Completed shut down of DiscoveryClient
2025-10-18T21:20:03.711-03:00  INFO 6816 --- [cards] [main] b.c.m.cards.CardsApplication             : Starting CardsApplication using Java 21.0.7 with PID 6816 (C:\Users\Ronald\Documents\Projetos\credito-microservice-course\cards-microservice\target\classes started by Ronald in C:\Users\Ronald\Documents\Projetos\credito-microservice-course\cards-microservice)
2025-10-18T21:20:03.713-03:00  INFO 6816 --- [cards] [main] b.c.m.cards.CardsApplication             : The following 1 profile is active: "local"
2025-10-18T21:20:05.052-03:00  INFO 6816 --- [cards] [main] .s.d.r.c.RepositoryConfigurationDelegate : Bootstrapping Spring Data JPA repositories in DEFAULT mode.
2025-10-18T21:20:05.196-03:00  INFO 6816 --- [cards] [main] .s.d.r.c.RepositoryConfigurationDelegate : Finished Spring Data repository scanning in 128 ms. Found 2 JPA repository interfaces.
2025-10-18T21:20:05.475-03:00  INFO 6816 --- [cards] [main] o.s.cloud.context.scope.GenericScope     : BeanFactory id=c5496b89-da72-3a18-9cf1-5386790befae
2025-10-18T21:20:06.000-03:00  INFO 6816 --- [cards] [main] o.s.b.w.embedded.tomcat.TomcatWebServer  : Tomcat initialized with port 0 (http)
2025-10-18T21:20:06.018-03:00  INFO 6816 --- [cards] [main] o.apache.catalina.core.StandardService   : Starting service [Tomcat]
2025-10-18T21:20:06.018-03:00  INFO 6816 --- [cards] [main] o.apache.catalina.core.StandardEngine    : Starting Servlet engine: [Apache Tomcat/10.1.46]
2025-10-18T21:20:06.106-03:00  INFO 6816 --- [cards] [main] o.a.c.c.C.[Tomcat].[localhost].[/]       : Initializing Spring embedded WebApplicationContext
2025-10-18T21:20:06.106-03:00  INFO 6816 --- [cards] [main] w.s.c.ServletWebServerApplicationContext : Root WebApplicationContext: initialization completed in 2336 ms
2025-10-18T21:20:06.418-03:00  INFO 6816 --- [cards] [main] com.zaxxer.hikari.HikariDataSource       : HikariPool-1 - Starting...
2025-10-18T21:20:06.588-03:00  INFO 6816 --- [cards] [main] com.zaxxer.hikari.pool.HikariPool        : HikariPool-1 - Added connection conn0: url=jdbc:h2:mem:bca0f2fc-02b1-40d9-bea1-14badceecad5 user=SA
2025-10-18T21:20:06.589-03:00  INFO 6816 --- [cards] [main] com.zaxxer.hikari.HikariDataSource       : HikariPool-1 - Start completed.
2025-10-18T21:20:06.631-03:00  INFO 6816 --- [cards] [main] o.hibernate.jpa.internal.util.LogHelper  : HHH000204: Processing PersistenceUnitInfo [name: default]
2025-10-18T21:20:06.691-03:00  INFO 6816 --- [cards] [main] org.hibernate.Version                    : HHH000412: Hibernate ORM core version 6.6.29.Final
2025-10-18T21:20:06.742-03:00  INFO 6816 --- [cards] [main] o.h.c.internal.RegionFactoryInitiator    : HHH000026: Second-level cache disabled
2025-10-18T21:20:06.995-03:00  INFO 6816 --- [cards] [main] o.s.o.j.p.SpringPersistenceUnitInfo      : No LoadTimeWeaver setup: ignoring JPA class transformer
2025-10-18T21:20:07.086-03:00  INFO 6816 --- [cards] [main] org.hibernate.orm.connections.pooling    : HHH10001005: Database info:
	Database JDBC URL [Connecting through datasource 'HikariDataSource (HikariPool-1)']
	Database driver: undefined/unknown
	Database version: 2.3.232
	Autocommit mode: undefined/unknown
	Isolation level: undefined/unknown
	Minimum pool size: undefined/unknown
	Maximum pool size: undefined/unknown
2025-10-18T21:20:07.822-03:00  INFO 6816 --- [cards] [main] o.h.e.t.j.p.i.JtaPlatformInitiator       : HHH000489: No JTA platform available (set 'hibernate.transaction.jta.platform' to enable JTA platform integration)
2025-10-18T21:20:07.865-03:00  INFO 6816 --- [cards] [main] j.LocalContainerEntityManagerFactoryBean : Initialized JPA EntityManagerFactory for persistence unit 'default'
2025-10-18T21:20:08.305-03:00  WARN 6816 --- [cards] [main] JpaBaseConfiguration$JpaWebConfiguration : spring.jpa.open-in-view is enabled by default. Therefore, database queries may be performed during view rendering. Explicitly configure spring.jpa.open-in-view to disable this warning
2025-10-18T21:20:09.268-03:00  INFO 6816 --- [cards] [main] DiscoveryClientOptionalArgsConfiguration : Eureka HTTP Client uses RestTemplate.
2025-10-18T21:20:09.310-03:00  WARN 6816 --- [cards] [main] iguration$LoadBalancerCaffeineWarnLogger : Spring Cloud LoadBalancer is currently working with the default cache. While this cache implementation is useful for development and tests, it's recommended to use Caffeine cache in production.You can switch to using Caffeine cache, by adding it and org.springframework.cache.caffeine.CaffeineCacheManager to the classpath.
2025-10-18T21:20:09.317-03:00  INFO 6816 --- [cards] [main] o.s.b.a.e.web.EndpointLinksResolver      : Exposing 17 endpoints beneath base path '/actuator'
2025-10-18T21:20:09.435-03:00  INFO 6816 --- [cards] [main] o.s.b.w.embedded.tomcat.TomcatWebServer  : Tomcat started on port 62579 (http) with context path '/'
2025-10-18T21:20:09.436-03:00  INFO 6816 --- [cards] [main] .s.c.n.e.s.EurekaAutoServiceRegistration : Updating port to 62579
2025-10-18T21:20:09.442-03:00  INFO 6816 --- [cards] [main] o.s.c.n.eureka.InstanceInfoFactory       : Setting initial instance status as: STARTING
2025-10-18T21:20:09.465-03:00  INFO 6816 --- [cards] [main] com.netflix.discovery.DiscoveryClient    : Initializing Eureka in region us-east-1
2025-10-18T21:20:09.469-03:00  INFO 6816 --- [cards] [main] c.n.d.s.r.aws.ConfigClusterResolver      : Resolving eureka endpoints via configuration
2025-10-18T21:20:09.478-03:00  INFO 6816 --- [cards] [main] com.netflix.discovery.DiscoveryClient    : Disable delta property : false
2025-10-18T21:20:09.479-03:00  INFO 6816 --- [cards] [main] com.netflix.discovery.DiscoveryClient    : Single vip registry refresh property : null
2025-10-18T21:20:09.479-03:00  INFO 6816 --- [cards] [main] com.netflix.discovery.DiscoveryClient    : Force full registry fetch : false
2025-10-18T21:20:09.479-03:00  INFO 6816 --- [cards] [main] com.netflix.discovery.DiscoveryClient    : Application is null : false
2025-10-18T21:20:09.479-03:00  INFO 6816 --- [cards] [main] com.netflix.discovery.DiscoveryClient    : Registered Applications size is zero : true
2025-10-18T21:20:09.479-03:00  INFO 6816 --- [cards] [main] com.netflix.discovery.DiscoveryClient    : Application version is -1: true
2025-10-18T21:20:09.479-03:00  INFO 6816 --- [cards] [main] com.netflix.discovery.DiscoveryClient    : Getting all instance registry info from the eureka server
2025-10-18T21:20:09.877-03:00  INFO 6816 --- [cards] [main] com.netflix.discovery.DiscoveryClient    : The response status is 200
2025-10-18T21:20:09.878-03:00  INFO 6816 --- [cards] [main] com.netflix.discovery.DiscoveryClient    : Starting heartbeat executor: renew interval is: 30
2025-10-18T21:20:09.879-03:00  INFO 6816 --- [cards] [main] c.n.discovery.InstanceInfoReplicator     : InstanceInfoReplicator onDemand update allowed rate per min is 4
2025-10-18T21:20:09.881-03:00  INFO 6816 --- [cards] [main] com.netflix.discovery.DiscoveryClient    : Discovery Client initialized at timestamp 1760833209880 with initial instances count: 1
2025-10-18T21:20:09.884-03:00  INFO 6816 --- [cards] [main] o.s.c.n.e.s.EurekaServiceRegistry        : Registering application CARDS with eureka with status UP
2025-10-18T21:20:09.884-03:00  INFO 6816 --- [cards] [main] com.netflix.discovery.DiscoveryClient    : Saw local status change event StatusChangeEvent [timestamp=1760833209884, current=UP, previous=STARTING]
2025-10-18T21:20:09.886-03:00  INFO 6816 --- [cards] [DiscoveryClient-InstanceInfoReplicator-%d] com.netflix.discovery.DiscoveryClient    : DiscoveryClient_CARDS/cards:9463ce9678955fd5d7bd8bc0b148902d: registering service...
2025-10-18T21:20:09.893-03:00  INFO 6816 --- [cards] [main] o.s.a.r.c.CachingConnectionFactory       : Attempting to connect to: [localhost:5672]
2025-10-18T21:20:09.962-03:00  INFO 6816 --- [cards] [main] o.s.a.r.c.CachingConnectionFactory       : Created new connection: rabbitConnectionFactory#1fd1deed:0/SimpleConnection@47523643 [delegate=amqp://guest@127.0.0.1:5672/, localPort=62581]
2025-10-18T21:20:09.991-03:00  INFO 6816 --- [cards] [DiscoveryClient-InstanceInfoReplicator-%d] com.netflix.discovery.DiscoveryClient    : DiscoveryClient_CARDS/cards:9463ce9678955fd5d7bd8bc0b148902d - registration status: 204
2025-10-18T21:20:10.030-03:00  INFO 6816 --- [cards] [main] b.c.m.cards.CardsApplication             : Started CardsApplication in 6.972 seconds (process running for 7.546)
2025-10-18T21:20:55.714-03:00  INFO 6816 --- [cards] [SpringApplicationShutdownHook] o.s.c.n.e.s.EurekaServiceRegistry        : Unregistering application CARDS with eureka with status DOWN
2025-10-18T21:20:55.714-03:00  INFO 6816 --- [cards] [SpringApplicationShutdownHook] com.netflix.discovery.DiscoveryClient    : Saw local status change event StatusChangeEvent [timestamp=1760833255714, current=DOWN, previous=UP]
2025-10-18T21:20:55.715-03:00  INFO 6816 --- [cards] [DiscoveryClient-InstanceInfoReplicator-%d] com.netflix.discovery.DiscoveryClient    : DiscoveryClient_CARDS/cards:9463ce9678955fd5d7bd8bc0b148902d: registering service...
2025-10-18T21:20:55.721-03:00  INFO 6816 --- [cards] [org.springframework.amqp.rabbit.RabbitListenerEndpointContainer#0-2] o.s.a.r.l.SimpleMessageListenerContainer : Waiting for workers to finish.
2025-10-18T21:20:55.792-03:00  INFO 6816 --- [cards] [DiscoveryClient-InstanceInfoReplicator-%d] com.netflix.discovery.DiscoveryClient    : DiscoveryClient_CARDS/cards:9463ce9678955fd5d7bd8bc0b148902d - registration status: 204
2025-10-18T21:20:56.406-03:00  INFO 6816 --- [cards] [org.springframework.amqp.rabbit.RabbitListenerEndpointContainer#0-2] o.s.a.r.l.SimpleMessageListenerContainer : Successfully waited for workers to finish.
2025-10-18T21:20:56.407-03:00  INFO 6816 --- [cards] [SpringApplicationShutdownHook] o.s.b.w.e.tomcat.GracefulShutdown        : Commencing graceful shutdown. Waiting for active requests to complete
2025-10-18T21:20:56.412-03:00  INFO 6816 --- [cards] [tomcat-shutdown] o.s.b.w.e.tomcat.GracefulShutdown        : Graceful shutdown complete
2025-10-18T21:20:56.422-03:00  INFO 6816 --- [cards] [SpringApplicationShutdownHook] j.LocalContainerEntityManagerFactoryBean : Closing JPA EntityManagerFactory for persistence unit 'default'
2025-10-18T21:20:56.426-03:00  INFO 6816 --- [cards] [SpringApplicationShutdownHook] com.zaxxer.hikari.HikariDataSource       : HikariPool-1 - Shutdown initiated...
2025-10-18T21:20:56.428-03:00  INFO 6816 --- [cards] [SpringApplicationShutdownHook] com.zaxxer.hikari.HikariDataSource       : HikariPool-1 - Shutdown completed.
2025-10-18T21:20:56.429-03:00  INFO 6816 --- [cards] [SpringApplicationShutdownHook] com.netflix.discovery.DiscoveryClient    : Shutting down DiscoveryClient ...
2025-10-18T21:20:59.442-03:00  INFO 6816 --- [cards] [SpringApplicationShutdownHook] com.netflix.discovery.DiscoveryClient    : Unregistering ...
2025-10-18T21:20:59.524-03:00  INFO 6816 --- [cards] [SpringApplicationShutdownHook] com.netflix.discovery.DiscoveryClient    : DiscoveryClient_CARDS/cards:9463ce9678955fd5d7bd8bc0b148902d - deregister  status: 200
2025-10-18T21:20:59.524-03:00  INFO 6816 --- [cards] [SpringApplicationShutdownHook] com.netflix.discovery.DiscoveryClient    : Completed shut down of DiscoveryClient
2025-10-18T21:21:01.621-03:00  INFO 8816 --- [cards] [main] b.c.m.cards.CardsApplication             : Starting CardsApplication using Java 21.0.7 with PID 8816 (C:\Users\Ronald\Documents\Projetos\credito-microservice-course\cards-microservice\target\classes started by Ronald in C:\Users\Ronald\Documents\Projetos\credito-microservice-course\cards-microservice)
2025-10-18T21:21:01.622-03:00  INFO 8816 --- [cards] [main] b.c.m.cards.CardsApplication             : The following 1 profile is active: "local"
2025-10-18T21:21:03.040-03:00  INFO 8816 --- [cards] [main] .s.d.r.c.RepositoryConfigurationDelegate : Bootstrapping Spring Data JPA repositories in DEFAULT mode.
2025-10-18T21:21:03.173-03:00  INFO 8816 --- [cards] [main] .s.d.r.c.RepositoryConfigurationDelegate : Finished Spring Data repository scanning in 123 ms. Found 2 JPA repository interfaces.
2025-10-18T21:21:03.556-03:00  INFO 8816 --- [cards] [main] o.s.cloud.context.scope.GenericScope     : BeanFactory id=c5496b89-da72-3a18-9cf1-5386790befae
2025-10-18T21:21:04.070-03:00  INFO 8816 --- [cards] [main] o.s.b.w.embedded.tomcat.TomcatWebServer  : Tomcat initialized with port 0 (http)
2025-10-18T21:21:04.089-03:00  INFO 8816 --- [cards] [main] o.apache.catalina.core.StandardService   : Starting service [Tomcat]
2025-10-18T21:21:04.090-03:00  INFO 8816 --- [cards] [main] o.apache.catalina.core.StandardEngine    : Starting Servlet engine: [Apache Tomcat/10.1.46]
2025-10-18T21:21:04.175-03:00  INFO 8816 --- [cards] [main] o.a.c.c.C.[Tomcat].[localhost].[/]       : Initializing Spring embedded WebApplicationContext
2025-10-18T21:21:04.175-03:00  INFO 8816 --- [cards] [main] w.s.c.ServletWebServerApplicationContext : Root WebApplicationContext: initialization completed in 2505 ms
2025-10-18T21:21:04.480-03:00  INFO 8816 --- [cards] [main] com.zaxxer.hikari.HikariDataSource       : HikariPool-1 - Starting...
2025-10-18T21:21:04.656-03:00  INFO 8816 --- [cards] [main] com.zaxxer.hikari.pool.HikariPool        : HikariPool-1 - Added connection conn0: url=jdbc:h2:mem:bb1a6d7d-72b2-4426-a348-f86130b32d07 user=SA
2025-10-18T21:21:04.658-03:00  INFO 8816 --- [cards] [main] com.zaxxer.hikari.HikariDataSource       : HikariPool-1 - Start completed.
2025-10-18T21:21:04.708-03:00  INFO 8816 --- [cards] [main] o.hibernate.jpa.internal.util.LogHelper  : HHH000204: Processing PersistenceUnitInfo [name: default]
2025-10-18T21:21:04.768-03:00  INFO 8816 --- [cards] [main] org.hibernate.Version                    : HHH000412: Hibernate ORM core version 6.6.29.Final
2025-10-18T21:21:04.804-03:00  INFO 8816 --- [cards] [main] o.h.c.internal.RegionFactoryInitiator    : HHH000026: Second-level cache disabled
2025-10-18T21:21:05.079-03:00  INFO 8816 --- [cards] [main] o.s.o.j.p.SpringPersistenceUnitInfo      : No LoadTimeWeaver setup: ignoring JPA class transformer
2025-10-18T21:21:05.162-03:00  INFO 8816 --- [cards] [main] org.hibernate.orm.connections.pooling    : HHH10001005: Database info:
	Database JDBC URL [Connecting through datasource 'HikariDataSource (HikariPool-1)']
	Database driver: undefined/unknown
	Database version: 2.3.232
	Autocommit mode: undefined/unknown
	Isolation level: undefined/unknown
	Minimum pool size: undefined/unknown
	Maximum pool size: undefined/unknown
2025-10-18T21:21:05.934-03:00  INFO 8816 --- [cards] [main] o.h.e.t.j.p.i.JtaPlatformInitiator       : HHH000489: No JTA platform available (set 'hibernate.transaction.jta.platform' to enable JTA platform integration)
2025-10-18T21:21:05.982-03:00  INFO 8816 --- [cards] [main] j.LocalContainerEntityManagerFactoryBean : Initialized JPA EntityManagerFactory for persistence unit 'default'
2025-10-18T21:21:06.488-03:00  WARN 8816 --- [cards] [main] JpaBaseConfiguration$JpaWebConfiguration : spring.jpa.open-in-view is enabled by default. Therefore, database queries may be performed during view rendering. Explicitly configure spring.jpa.open-in-view to disable this warning
2025-10-18T21:21:07.439-03:00  INFO 8816 --- [cards] [main] DiscoveryClientOptionalArgsConfiguration : Eureka HTTP Client uses RestTemplate.
2025-10-18T21:21:07.478-03:00  WARN 8816 --- [cards] [main] iguration$LoadBalancerCaffeineWarnLogger : Spring Cloud LoadBalancer is currently working with the default cache. While this cache implementation is useful for development and tests, it's recommended to use Caffeine cache in production.You can switch to using Caffeine cache, by adding it and org.springframework.cache.caffeine.CaffeineCacheManager to the classpath.
2025-10-18T21:21:07.487-03:00  INFO 8816 --- [cards] [main] o.s.b.a.e.web.EndpointLinksResolver      : Exposing 17 endpoints beneath base path '/actuator'
2025-10-18T21:21:07.609-03:00  INFO 8816 --- [cards] [main] o.s.b.w.embedded.tomcat.TomcatWebServer  : Tomcat started on port 50683 (http) with context path '/'
2025-10-18T21:21:07.611-03:00  INFO 8816 --- [cards] [main] .s.c.n.e.s.EurekaAutoServiceRegistration : Updating port to 50683
2025-10-18T21:21:07.617-03:00  INFO 8816 --- [cards] [main] o.s.c.n.eureka.InstanceInfoFactory       : Setting initial instance status as: STARTING
2025-10-18T21:21:07.659-03:00  INFO 8816 --- [cards] [main] com.netflix.discovery.DiscoveryClient    : Initializing Eureka in region us-east-1
2025-10-18T21:21:07.663-03:00  INFO 8816 --- [cards] [main] c.n.d.s.r.aws.ConfigClusterResolver      : Resolving eureka endpoints via configuration
2025-10-18T21:21:07.670-03:00  INFO 8816 --- [cards] [main] com.netflix.discovery.DiscoveryClient    : Disable delta property : false
2025-10-18T21:21:07.671-03:00  INFO 8816 --- [cards] [main] com.netflix.discovery.DiscoveryClient    : Single vip registry refresh property : null
2025-10-18T21:21:07.671-03:00  INFO 8816 --- [cards] [main] com.netflix.discovery.DiscoveryClient    : Force full registry fetch : false
2025-10-18T21:21:07.671-03:00  INFO 8816 --- [cards] [main] com.netflix.discovery.DiscoveryClient    : Application is null : false
2025-10-18T21:21:07.671-03:00  INFO 8816 --- [cards] [main] com.netflix.discovery.DiscoveryClient    : Registered Applications size is zero : true
2025-10-18T21:21:07.671-03:00  INFO 8816 --- [cards] [main] com.netflix.discovery.DiscoveryClient    : Application version is -1: true
2025-10-18T21:21:07.671-03:00  INFO 8816 --- [cards] [main] com.netflix.discovery.DiscoveryClient    : Getting all instance registry info from the eureka server
2025-10-18T21:21:08.024-03:00  INFO 8816 --- [cards] [main] com.netflix.discovery.DiscoveryClient    : The response status is 200
2025-10-18T21:21:08.025-03:00  INFO 8816 --- [cards] [main] com.netflix.discovery.DiscoveryClient    : Starting heartbeat executor: renew interval is: 30
2025-10-18T21:21:08.027-03:00  INFO 8816 --- [cards] [main] c.n.discovery.InstanceInfoReplicator     : InstanceInfoReplicator onDemand update allowed rate per min is 4
2025-10-18T21:21:08.028-03:00  INFO 8816 --- [cards] [main] com.netflix.discovery.DiscoveryClient    : Discovery Client initialized at timestamp 1760833268027 with initial instances count: 0
2025-10-18T21:21:08.030-03:00  INFO 8816 --- [cards] [main] o.s.c.n.e.s.EurekaServiceRegistry        : Registering application CARDS with eureka with status UP
2025-10-18T21:21:08.032-03:00  INFO 8816 --- [cards] [main] com.netflix.discovery.DiscoveryClient    : Saw local status change event StatusChangeEvent [timestamp=1760833268032, current=UP, previous=STARTING]
2025-10-18T21:21:08.033-03:00  INFO 8816 --- [cards] [DiscoveryClient-InstanceInfoReplicator-%d] com.netflix.discovery.DiscoveryClient    : DiscoveryClient_CARDS/cards:054fe8d1e2d75ac4ed4d64ae2d2c4878: registering service...
2025-10-18T21:21:08.039-03:00  INFO 8816 --- [cards] [main] o.s.a.r.c.CachingConnectionFactory       : Attempting to connect to: [localhost:5672]
2025-10-18T21:21:08.086-03:00  INFO 8816 --- [cards] [main] o.s.a.r.c.CachingConnectionFactory       : Created new connection: rabbitConnectionFactory#3520d2db:0/SimpleConnection@30422a69 [delegate=amqp://guest@127.0.0.1:5672/, localPort=50685]
2025-10-18T21:21:08.132-03:00  INFO 8816 --- [cards] [DiscoveryClient-InstanceInfoReplicator-%d] com.netflix.discovery.DiscoveryClient    : DiscoveryClient_CARDS/cards:054fe8d1e2d75ac4ed4d64ae2d2c4878 - registration status: 204
2025-10-18T21:21:08.134-03:00  INFO 8816 --- [cards] [main] b.c.m.cards.CardsApplication             : Started CardsApplication in 7.121 seconds (process running for 7.746)
2025-10-18T21:21:38.039-03:00  INFO 8816 --- [cards] [DiscoveryClient-CacheRefreshExecutor-%d] com.netflix.discovery.DiscoveryClient    : Disable delta property : false
2025-10-18T21:21:38.039-03:00  INFO 8816 --- [cards] [DiscoveryClient-CacheRefreshExecutor-%d] com.netflix.discovery.DiscoveryClient    : Single vip registry refresh property : null
2025-10-18T21:21:38.039-03:00  INFO 8816 --- [cards] [DiscoveryClient-CacheRefreshExecutor-%d] com.netflix.discovery.DiscoveryClient    : Force full registry fetch : false
2025-10-18T21:21:38.039-03:00  INFO 8816 --- [cards] [DiscoveryClient-CacheRefreshExecutor-%d] com.netflix.discovery.DiscoveryClient    : Application is null : false
2025-10-18T21:21:38.039-03:00  INFO 8816 --- [cards] [DiscoveryClient-CacheRefreshExecutor-%d] com.netflix.discovery.DiscoveryClient    : Registered Applications size is zero : true
2025-10-18T21:21:38.039-03:00  INFO 8816 --- [cards] [DiscoveryClient-CacheRefreshExecutor-%d] com.netflix.discovery.DiscoveryClient    : Application version is -1: false
2025-10-18T21:21:38.039-03:00  INFO 8816 --- [cards] [DiscoveryClient-CacheRefreshExecutor-%d] com.netflix.discovery.DiscoveryClient    : Getting all instance registry info from the eureka server
2025-10-18T21:21:38.129-03:00  INFO 8816 --- [cards] [DiscoveryClient-CacheRefreshExecutor-%d] com.netflix.discovery.DiscoveryClient    : The response status is 200
2025-10-18T21:21:53.507-03:00  INFO 8816 --- [cards] [SpringApplicationShutdownHook] o.s.c.n.e.s.EurekaServiceRegistry        : Unregistering application CARDS with eureka with status DOWN
2025-10-18T21:21:53.507-03:00  INFO 8816 --- [cards] [SpringApplicationShutdownHook] com.netflix.discovery.DiscoveryClient    : Saw local status change event StatusChangeEvent [timestamp=1760833313507, current=DOWN, previous=UP]
2025-10-18T21:21:53.507-03:00  INFO 8816 --- [cards] [DiscoveryClient-InstanceInfoReplicator-%d] com.netflix.discovery.DiscoveryClient    : DiscoveryClient_CARDS/cards:054fe8d1e2d75ac4ed4d64ae2d2c4878: registering service...
2025-10-18T21:21:53.515-03:00  INFO 8816 --- [cards] [org.springframework.amqp.rabbit.RabbitListenerEndpointContainer#0-2] o.s.a.r.l.SimpleMessageListenerContainer : Waiting for workers to finish.
2025-10-18T21:21:53.585-03:00  INFO 8816 --- [cards] [DiscoveryClient-InstanceInfoReplicator-%d] com.netflix.discovery.DiscoveryClient    : DiscoveryClient_CARDS/cards:054fe8d1e2d75ac4ed4d64ae2d2c4878 - registration status: 204
2025-10-18T21:21:54.511-03:00  INFO 8816 --- [cards] [org.springframework.amqp.rabbit.RabbitListenerEndpointContainer#0-2] o.s.a.r.l.SimpleMessageListenerContainer : Successfully waited for workers to finish.
2025-10-18T21:21:54.512-03:00  INFO 8816 --- [cards] [SpringApplicationShutdownHook] o.s.b.w.e.tomcat.GracefulShutdown        : Commencing graceful shutdown. Waiting for active requests to complete
2025-10-18T21:21:54.517-03:00  INFO 8816 --- [cards] [tomcat-shutdown] o.s.b.w.e.tomcat.GracefulShutdown        : Graceful shutdown complete
2025-10-18T21:21:54.527-03:00  INFO 8816 --- [cards] [SpringApplicationShutdownHook] j.LocalContainerEntityManagerFactoryBean : Closing JPA EntityManagerFactory for persistence unit 'default'
2025-10-18T21:21:54.531-03:00  INFO 8816 --- [cards] [SpringApplicationShutdownHook] com.zaxxer.hikari.HikariDataSource       : HikariPool-1 - Shutdown initiated...
2025-10-18T21:21:54.532-03:00  INFO 8816 --- [cards] [SpringApplicationShutdownHook] com.zaxxer.hikari.HikariDataSource       : HikariPool-1 - Shutdown completed.
2025-10-18T21:21:54.533-03:00  INFO 8816 --- [cards] [SpringApplicationShutdownHook] com.netflix.discovery.DiscoveryClient    : Shutting down DiscoveryClient ...
2025-10-18T21:21:57.535-03:00  INFO 8816 --- [cards] [SpringApplicationShutdownHook] com.netflix.discovery.DiscoveryClient    : Unregistering ...
2025-10-18T21:21:57.614-03:00  INFO 8816 --- [cards] [SpringApplicationShutdownHook] com.netflix.discovery.DiscoveryClient    : DiscoveryClient_CARDS/cards:054fe8d1e2d75ac4ed4d64ae2d2c4878 - deregister  status: 200
2025-10-18T21:21:57.614-03:00  INFO 8816 --- [cards] [SpringApplicationShutdownHook] com.netflix.discovery.DiscoveryClient    : Completed shut down of DiscoveryClient
2025-10-18T21:23:54.149-03:00  INFO 6640 --- [cards] [main] b.c.m.cards.CardsApplication             : Starting CardsApplication using Java 21.0.7 with PID 6640 (C:\Users\Ronald\Documents\Projetos\credito-microservice-course\cards-microservice\target\classes started by Ronald in C:\Users\Ronald\Documents\Projetos\credito-microservice-course\cards-microservice)
2025-10-18T21:23:54.151-03:00  INFO 6640 --- [cards] [main] b.c.m.cards.CardsApplication             : No active profile set, falling back to 1 default profile: "default"
2025-10-18T21:23:55.377-03:00  INFO 6640 --- [cards] [main] .s.d.r.c.RepositoryConfigurationDelegate : Bootstrapping Spring Data JPA repositories in DEFAULT mode.
2025-10-18T21:23:55.499-03:00  INFO 6640 --- [cards] [main] .s.d.r.c.RepositoryConfigurationDelegate : Finished Spring Data repository scanning in 112 ms. Found 2 JPA repository interfaces.
2025-10-18T21:23:55.747-03:00  INFO 6640 --- [cards] [main] o.s.cloud.context.scope.GenericScope     : BeanFactory id=c5496b89-da72-3a18-9cf1-5386790befae
2025-10-18T21:23:56.249-03:00  INFO 6640 --- [cards] [main] o.s.b.w.embedded.tomcat.TomcatWebServer  : Tomcat initialized with port 0 (http)
2025-10-18T21:23:56.264-03:00  INFO 6640 --- [cards] [main] o.apache.catalina.core.StandardService   : Starting service [Tomcat]
2025-10-18T21:23:56.264-03:00  INFO 6640 --- [cards] [main] o.apache.catalina.core.StandardEngine    : Starting Servlet engine: [Apache Tomcat/10.1.46]
2025-10-18T21:23:56.345-03:00  INFO 6640 --- [cards] [main] o.a.c.c.C.[Tomcat].[localhost].[/]       : Initializing Spring embedded WebApplicationContext
2025-10-18T21:23:56.345-03:00  INFO 6640 --- [cards] [main] w.s.c.ServletWebServerApplicationContext : Root WebApplicationContext: initialization completed in 2145 ms
2025-10-18T21:23:56.636-03:00  INFO 6640 --- [cards] [main] com.zaxxer.hikari.HikariDataSource       : HikariPool-1 - Starting...
2025-10-18T21:23:56.816-03:00  INFO 6640 --- [cards] [main] com.zaxxer.hikari.pool.HikariPool        : HikariPool-1 - Added connection conn0: url=jdbc:h2:mem:ae8b8ce1-408c-4578-a245-2b8b1debe0bc user=SA
2025-10-18T21:23:56.818-03:00  INFO 6640 --- [cards] [main] com.zaxxer.hikari.HikariDataSource       : HikariPool-1 - Start completed.
2025-10-18T21:23:56.863-03:00  INFO 6640 --- [cards] [main] o.hibernate.jpa.internal.util.LogHelper  : HHH000204: Processing PersistenceUnitInfo [name: default]
2025-10-18T21:23:56.922-03:00  INFO 6640 --- [cards] [main] org.hibernate.Version                    : HHH000412: Hibernate ORM core version 6.6.29.Final
2025-10-18T21:23:56.962-03:00  INFO 6640 --- [cards] [main] o.h.c.internal.RegionFactoryInitiator    : HHH000026: Second-level cache disabled
2025-10-18T21:23:57.225-03:00  INFO 6640 --- [cards] [main] o.s.o.j.p.SpringPersistenceUnitInfo      : No LoadTimeWeaver setup: ignoring JPA class transformer
2025-10-18T21:23:57.297-03:00  INFO 6640 --- [cards] [main] org.hibernate.orm.connections.pooling    : HHH10001005: Database info:
	Database JDBC URL [Connecting through datasource 'HikariDataSource (HikariPool-1)']
	Database driver: undefined/unknown
	Database version: 2.3.232
	Autocommit mode: undefined/unknown
	Isolation level: undefined/unknown
	Minimum pool size: undefined/unknown
	Maximum pool size: undefined/unknown
2025-10-18T21:23:57.996-03:00  INFO 6640 --- [cards] [main] o.h.e.t.j.p.i.JtaPlatformInitiator       : HHH000489: No JTA platform available (set 'hibernate.transaction.jta.platform' to enable JTA platform integration)
2025-10-18T21:23:58.037-03:00  INFO 6640 --- [cards] [main] j.LocalContainerEntityManagerFactoryBean : Initialized JPA EntityManagerFactory for persistence unit 'default'
2025-10-18T21:23:58.489-03:00  WARN 6640 --- [cards] [main] JpaBaseConfiguration$JpaWebConfiguration : spring.jpa.open-in-view is enabled by default. Therefore, database queries may be performed during view rendering. Explicitly configure spring.jpa.open-in-view to disable this warning
2025-10-18T21:23:59.425-03:00  INFO 6640 --- [cards] [main] DiscoveryClientOptionalArgsConfiguration : Eureka HTTP Client uses RestTemplate.
2025-10-18T21:23:59.475-03:00  WARN 6640 --- [cards] [main] iguration$LoadBalancerCaffeineWarnLogger : Spring Cloud LoadBalancer is currently working with the default cache. While this cache implementation is useful for development and tests, it's recommended to use Caffeine cache in production.You can switch to using Caffeine cache, by adding it and org.springframework.cache.caffeine.CaffeineCacheManager to the classpath.
2025-10-18T21:23:59.482-03:00  INFO 6640 --- [cards] [main] o.s.b.a.e.web.EndpointLinksResolver      : Exposing 17 endpoints beneath base path '/actuator'
2025-10-18T21:23:59.596-03:00  INFO 6640 --- [cards] [main] o.s.b.w.embedded.tomcat.TomcatWebServer  : Tomcat started on port 62184 (http) with context path '/'
2025-10-18T21:23:59.599-03:00  INFO 6640 --- [cards] [main] .s.c.n.e.s.EurekaAutoServiceRegistration : Updating port to 62184
2025-10-18T21:23:59.603-03:00  INFO 6640 --- [cards] [main] o.s.c.n.eureka.InstanceInfoFactory       : Setting initial instance status as: STARTING
2025-10-18T21:23:59.639-03:00  INFO 6640 --- [cards] [main] com.netflix.discovery.DiscoveryClient    : Initializing Eureka in region us-east-1
2025-10-18T21:23:59.644-03:00  INFO 6640 --- [cards] [main] c.n.d.s.r.aws.ConfigClusterResolver      : Resolving eureka endpoints via configuration
2025-10-18T21:23:59.651-03:00  INFO 6640 --- [cards] [main] com.netflix.discovery.DiscoveryClient    : Disable delta property : false
2025-10-18T21:23:59.652-03:00  INFO 6640 --- [cards] [main] com.netflix.discovery.DiscoveryClient    : Single vip registry refresh property : null
2025-10-18T21:23:59.652-03:00  INFO 6640 --- [cards] [main] com.netflix.discovery.DiscoveryClient    : Force full registry fetch : false
2025-10-18T21:23:59.652-03:00  INFO 6640 --- [cards] [main] com.netflix.discovery.DiscoveryClient    : Application is null : false
2025-10-18T21:23:59.652-03:00  INFO 6640 --- [cards] [main] com.netflix.discovery.DiscoveryClient    : Registered Applications size is zero : true
2025-10-18T21:23:59.652-03:00  INFO 6640 --- [cards] [main] com.netflix.discovery.DiscoveryClient    : Application version is -1: true
2025-10-18T21:23:59.652-03:00  INFO 6640 --- [cards] [main] com.netflix.discovery.DiscoveryClient    : Getting all instance registry info from the eureka server
2025-10-18T21:23:59.984-03:00  INFO 6640 --- [cards] [main] com.netflix.discovery.DiscoveryClient    : The response status is 200
2025-10-18T21:23:59.985-03:00  INFO 6640 --- [cards] [main] com.netflix.discovery.DiscoveryClient    : Starting heartbeat executor: renew interval is: 30
2025-10-18T21:23:59.988-03:00  INFO 6640 --- [cards] [main] c.n.discovery.InstanceInfoReplicator     : InstanceInfoReplicator onDemand update allowed rate per min is 4
2025-10-18T21:23:59.989-03:00  INFO 6640 --- [cards] [main] com.netflix.discovery.DiscoveryClient    : Discovery Client initialized at timestamp 1760833439988 with initial instances count: 0
2025-10-18T21:23:59.992-03:00  INFO 6640 --- [cards] [main] o.s.c.n.e.s.EurekaServiceRegistry        : Registering application CARDS with eureka with status UP
2025-10-18T21:23:59.992-03:00  INFO 6640 --- [cards] [main] com.netflix.discovery.DiscoveryClient    : Saw local status change event StatusChangeEvent [timestamp=1760833439992, current=UP, previous=STARTING]
2025-10-18T21:23:59.994-03:00  INFO 6640 --- [cards] [DiscoveryClient-InstanceInfoReplicator-%d] com.netflix.discovery.DiscoveryClient    : DiscoveryClient_CARDS/cards:89e799df1ae9658647d7b9f2875dd247: registering service...
2025-10-18T21:24:00.000-03:00  INFO 6640 --- [cards] [main] o.s.a.r.c.CachingConnectionFactory       : Attempting to connect to: [localhost:5672]
2025-10-18T21:24:00.042-03:00  INFO 6640 --- [cards] [main] o.s.a.r.c.CachingConnectionFactory       : Created new connection: rabbitConnectionFactory#35216a2e:0/SimpleConnection@1d21fd5a [delegate=amqp://guest@127.0.0.1:5672/, localPort=62186]
2025-10-18T21:24:00.089-03:00  INFO 6640 --- [cards] [main] b.c.m.cards.CardsApplication             : Started CardsApplication in 6.453 seconds (process running for 7.105)
2025-10-18T21:24:00.092-03:00  INFO 6640 --- [cards] [DiscoveryClient-InstanceInfoReplicator-%d] com.netflix.discovery.DiscoveryClient    : DiscoveryClient_CARDS/cards:89e799df1ae9658647d7b9f2875dd247 - registration status: 204
2025-10-18T21:24:06.273-03:00  INFO 6640 --- [cards] [SpringApplicationShutdownHook] o.s.c.n.e.s.EurekaServiceRegistry        : Unregistering application CARDS with eureka with status DOWN
2025-10-18T21:24:06.273-03:00  INFO 6640 --- [cards] [SpringApplicationShutdownHook] com.netflix.discovery.DiscoveryClient    : Saw local status change event StatusChangeEvent [timestamp=1760833446273, current=DOWN, previous=UP]
2025-10-18T21:24:06.273-03:00  INFO 6640 --- [cards] [DiscoveryClient-InstanceInfoReplicator-%d] com.netflix.discovery.DiscoveryClient    : DiscoveryClient_CARDS/cards:89e799df1ae9658647d7b9f2875dd247: registering service...
2025-10-18T21:24:06.280-03:00  INFO 6640 --- [cards] [org.springframework.amqp.rabbit.RabbitListenerEndpointContainer#0-2] o.s.a.r.l.SimpleMessageListenerContainer : Waiting for workers to finish.
2025-10-18T21:24:06.350-03:00  INFO 6640 --- [cards] [DiscoveryClient-InstanceInfoReplicator-%d] com.netflix.discovery.DiscoveryClient    : DiscoveryClient_CARDS/cards:89e799df1ae9658647d7b9f2875dd247 - registration status: 204
2025-10-18T21:24:07.120-03:00  INFO 6640 --- [cards] [org.springframework.amqp.rabbit.RabbitListenerEndpointContainer#0-2] o.s.a.r.l.SimpleMessageListenerContainer : Successfully waited for workers to finish.
2025-10-18T21:24:07.121-03:00  INFO 6640 --- [cards] [SpringApplicationShutdownHook] o.s.b.w.e.tomcat.GracefulShutdown        : Commencing graceful shutdown. Waiting for active requests to complete
2025-10-18T21:24:07.127-03:00  INFO 6640 --- [cards] [tomcat-shutdown] o.s.b.w.e.tomcat.GracefulShutdown        : Graceful shutdown complete
2025-10-18T21:24:07.136-03:00  INFO 6640 --- [cards] [SpringApplicationShutdownHook] j.LocalContainerEntityManagerFactoryBean : Closing JPA EntityManagerFactory for persistence unit 'default'
2025-10-18T21:24:07.140-03:00  INFO 6640 --- [cards] [SpringApplicationShutdownHook] com.zaxxer.hikari.HikariDataSource       : HikariPool-1 - Shutdown initiated...
2025-10-18T21:24:07.141-03:00  INFO 6640 --- [cards] [SpringApplicationShutdownHook] com.zaxxer.hikari.HikariDataSource       : HikariPool-1 - Shutdown completed.
2025-10-18T21:24:07.142-03:00  INFO 6640 --- [cards] [SpringApplicationShutdownHook] com.netflix.discovery.DiscoveryClient    : Shutting down DiscoveryClient ...
2025-10-18T21:24:10.152-03:00  INFO 6640 --- [cards] [SpringApplicationShutdownHook] com.netflix.discovery.DiscoveryClient    : Unregistering ...
2025-10-18T21:24:10.231-03:00  INFO 6640 --- [cards] [SpringApplicationShutdownHook] com.netflix.discovery.DiscoveryClient    : DiscoveryClient_CARDS/cards:89e799df1ae9658647d7b9f2875dd247 - deregister  status: 200
2025-10-18T21:24:10.231-03:00  INFO 6640 --- [cards] [SpringApplicationShutdownHook] com.netflix.discovery.DiscoveryClient    : Completed shut down of DiscoveryClient
